USE [master]
GO
/****** Object:  Database [PawRescue]    Script Date: 26/06/2024 5:16:43 pm ******/
CREATE DATABASE [PawRescue]
 CONTAINMENT = NONE
 ON  PRIMARY 
( NAME = N'PawRescue', FILENAME = N'C:\Program Files\Microsoft SQL Server\MSSQL16.MSSQLSERVER\MSSQL\DATA\PawRescue.mdf' , SIZE = 8192KB , MAXSIZE = UNLIMITED, FILEGROWTH = 65536KB )
 LOG ON 
( NAME = N'PawRescue_log', FILENAME = N'C:\Program Files\Microsoft SQL Server\MSSQL16.MSSQLSERVER\MSSQL\DATA\PawRescue_log.ldf' , SIZE = 8192KB , MAXSIZE = 2048GB , FILEGROWTH = 65536KB )
 WITH CATALOG_COLLATION = DATABASE_DEFAULT, LEDGER = OFF
GO
ALTER DATABASE [PawRescue] SET COMPATIBILITY_LEVEL = 160
GO
IF (1 = FULLTEXTSERVICEPROPERTY('IsFullTextInstalled'))
begin
EXEC [PawRescue].[dbo].[sp_fulltext_database] @action = 'enable'
end
GO
ALTER DATABASE [PawRescue] SET ANSI_NULL_DEFAULT OFF 
GO
ALTER DATABASE [PawRescue] SET ANSI_NULLS OFF 
GO
ALTER DATABASE [PawRescue] SET ANSI_PADDING OFF 
GO
ALTER DATABASE [PawRescue] SET ANSI_WARNINGS OFF 
GO
ALTER DATABASE [PawRescue] SET ARITHABORT OFF 
GO
ALTER DATABASE [PawRescue] SET AUTO_CLOSE OFF 
GO
ALTER DATABASE [PawRescue] SET AUTO_SHRINK OFF 
GO
ALTER DATABASE [PawRescue] SET AUTO_UPDATE_STATISTICS ON 
GO
ALTER DATABASE [PawRescue] SET CURSOR_CLOSE_ON_COMMIT OFF 
GO
ALTER DATABASE [PawRescue] SET CURSOR_DEFAULT  GLOBAL 
GO
ALTER DATABASE [PawRescue] SET CONCAT_NULL_YIELDS_NULL OFF 
GO
ALTER DATABASE [PawRescue] SET NUMERIC_ROUNDABORT OFF 
GO
ALTER DATABASE [PawRescue] SET QUOTED_IDENTIFIER OFF 
GO
ALTER DATABASE [PawRescue] SET RECURSIVE_TRIGGERS OFF 
GO
ALTER DATABASE [PawRescue] SET  DISABLE_BROKER 
GO
ALTER DATABASE [PawRescue] SET AUTO_UPDATE_STATISTICS_ASYNC OFF 
GO
ALTER DATABASE [PawRescue] SET DATE_CORRELATION_OPTIMIZATION OFF 
GO
ALTER DATABASE [PawRescue] SET TRUSTWORTHY OFF 
GO
ALTER DATABASE [PawRescue] SET ALLOW_SNAPSHOT_ISOLATION OFF 
GO
ALTER DATABASE [PawRescue] SET PARAMETERIZATION SIMPLE 
GO
ALTER DATABASE [PawRescue] SET READ_COMMITTED_SNAPSHOT OFF 
GO
ALTER DATABASE [PawRescue] SET HONOR_BROKER_PRIORITY OFF 
GO
ALTER DATABASE [PawRescue] SET RECOVERY FULL 
GO
ALTER DATABASE [PawRescue] SET  MULTI_USER 
GO
ALTER DATABASE [PawRescue] SET PAGE_VERIFY CHECKSUM  
GO
ALTER DATABASE [PawRescue] SET DB_CHAINING OFF 
GO
ALTER DATABASE [PawRescue] SET FILESTREAM( NON_TRANSACTED_ACCESS = OFF ) 
GO
ALTER DATABASE [PawRescue] SET TARGET_RECOVERY_TIME = 60 SECONDS 
GO
ALTER DATABASE [PawRescue] SET DELAYED_DURABILITY = DISABLED 
GO
ALTER DATABASE [PawRescue] SET ACCELERATED_DATABASE_RECOVERY = OFF  
GO
EXEC sys.sp_db_vardecimal_storage_format N'PawRescue', N'ON'
GO
ALTER DATABASE [PawRescue] SET QUERY_STORE = ON
GO
ALTER DATABASE [PawRescue] SET QUERY_STORE (OPERATION_MODE = READ_WRITE, CLEANUP_POLICY = (STALE_QUERY_THRESHOLD_DAYS = 30), DATA_FLUSH_INTERVAL_SECONDS = 900, INTERVAL_LENGTH_MINUTES = 60, MAX_STORAGE_SIZE_MB = 1000, QUERY_CAPTURE_MODE = AUTO, SIZE_BASED_CLEANUP_MODE = AUTO, MAX_PLANS_PER_QUERY = 200, WAIT_STATS_CAPTURE_MODE = ON)
GO
USE [PawRescue]
GO
/****** Object:  Table [dbo].[Cage]    Script Date: 26/06/2024 5:16:43 pm ******/
SET ANSI_NULLS ON
GO
SET QUOTED_IDENTIFIER ON
GO
CREATE TABLE [dbo].[Cage](
	[cageID] [int] NOT NULL,
	[wardID] [int] NOT NULL,
	[cageStatusID] [int] NOT NULL,
	[date] [date] NOT NULL,
PRIMARY KEY CLUSTERED 
(
	[cageID] ASC
)WITH (PAD_INDEX = OFF, STATISTICS_NORECOMPUTE = OFF, IGNORE_DUP_KEY = OFF, ALLOW_ROW_LOCKS = ON, ALLOW_PAGE_LOCKS = ON, OPTIMIZE_FOR_SEQUENTIAL_KEY = OFF) ON [PRIMARY]
) ON [PRIMARY]
GO
/****** Object:  Table [dbo].[cageStatus]    Script Date: 26/06/2024 5:16:43 pm ******/
SET ANSI_NULLS ON
GO
SET QUOTED_IDENTIFIER ON
GO
CREATE TABLE [dbo].[cageStatus](
	[cageStatusID] [int] NOT NULL,
	[cageStatus] [nvarchar](max) NOT NULL,
PRIMARY KEY CLUSTERED 
(
	[cageStatusID] ASC
)WITH (PAD_INDEX = OFF, STATISTICS_NORECOMPUTE = OFF, IGNORE_DUP_KEY = OFF, ALLOW_ROW_LOCKS = ON, ALLOW_PAGE_LOCKS = ON, OPTIMIZE_FOR_SEQUENTIAL_KEY = OFF) ON [PRIMARY]
) ON [PRIMARY] TEXTIMAGE_ON [PRIMARY]
GO
/****** Object:  Table [dbo].[Cats]    Script Date: 26/06/2024 5:16:43 pm ******/
SET ANSI_NULLS ON
GO
SET QUOTED_IDENTIFIER ON
GO
CREATE TABLE [dbo].[Cats](
	[catID] [nvarchar](20) NOT NULL,
	[catName] [nvarchar](max) NOT NULL,
	[age] [decimal](3, 2) NULL,
	[genderID] [int] NOT NULL,
	[typeID] [int] NOT NULL,
	[cageID] [int] NULL,
	[externalID] [int] NULL,
	[statusID] [int] NOT NULL,
	[admittedOn] [date] NOT NULL,
PRIMARY KEY CLUSTERED 
(
	[catID] ASC
)WITH (PAD_INDEX = OFF, STATISTICS_NORECOMPUTE = OFF, IGNORE_DUP_KEY = OFF, ALLOW_ROW_LOCKS = ON, ALLOW_PAGE_LOCKS = ON, OPTIMIZE_FOR_SEQUENTIAL_KEY = OFF) ON [PRIMARY]
) ON [PRIMARY] TEXTIMAGE_ON [PRIMARY]
GO
/****** Object:  Table [dbo].[CatStatus]    Script Date: 26/06/2024 5:16:43 pm ******/
SET ANSI_NULLS ON
GO
SET QUOTED_IDENTIFIER ON
GO
CREATE TABLE [dbo].[CatStatus](
	[StatusID] [int] NOT NULL,
	[statusType] [nvarchar](max) NOT NULL,
PRIMARY KEY CLUSTERED 
(
	[StatusID] ASC
)WITH (PAD_INDEX = OFF, STATISTICS_NORECOMPUTE = OFF, IGNORE_DUP_KEY = OFF, ALLOW_ROW_LOCKS = ON, ALLOW_PAGE_LOCKS = ON, OPTIMIZE_FOR_SEQUENTIAL_KEY = OFF) ON [PRIMARY]
) ON [PRIMARY] TEXTIMAGE_ON [PRIMARY]
GO
/****** Object:  Table [dbo].[Donations]    Script Date: 26/06/2024 5:16:43 pm ******/
SET ANSI_NULLS ON
GO
SET QUOTED_IDENTIFIER ON
GO
CREATE TABLE [dbo].[Donations](
	[donationID] [int] NOT NULL,
	[donorID] [int] NOT NULL,
	[modeID] [int] NOT NULL,
	[amount] [decimal](18, 0) NOT NULL,
	[date] [date] NOT NULL,
PRIMARY KEY CLUSTERED 
(
	[donationID] ASC
)WITH (PAD_INDEX = OFF, STATISTICS_NORECOMPUTE = OFF, IGNORE_DUP_KEY = OFF, ALLOW_ROW_LOCKS = ON, ALLOW_PAGE_LOCKS = ON, OPTIMIZE_FOR_SEQUENTIAL_KEY = OFF) ON [PRIMARY]
) ON [PRIMARY]
GO
/****** Object:  Table [dbo].[Externals]    Script Date: 26/06/2024 5:16:43 pm ******/
SET ANSI_NULLS ON
GO
SET QUOTED_IDENTIFIER ON
GO
CREATE TABLE [dbo].[Externals](
	[externalID] [int] NOT NULL,
	[name] [nvarchar](max) NOT NULL,
	[contactNum] [nvarchar](max) NOT NULL,
	[address] [nvarchar](max) NULL,
PRIMARY KEY CLUSTERED 
(
	[externalID] ASC
)WITH (PAD_INDEX = OFF, STATISTICS_NORECOMPUTE = OFF, IGNORE_DUP_KEY = OFF, ALLOW_ROW_LOCKS = ON, ALLOW_PAGE_LOCKS = ON, OPTIMIZE_FOR_SEQUENTIAL_KEY = OFF) ON [PRIMARY]
) ON [PRIMARY] TEXTIMAGE_ON [PRIMARY]
GO
/****** Object:  Table [dbo].[Gender]    Script Date: 26/06/2024 5:16:43 pm ******/
SET ANSI_NULLS ON
GO
SET QUOTED_IDENTIFIER ON
GO
CREATE TABLE [dbo].[Gender](
	[genderID] [int] NOT NULL,
	[gender] [nvarchar](max) NOT NULL,
PRIMARY KEY CLUSTERED 
(
	[genderID] ASC
)WITH (PAD_INDEX = OFF, STATISTICS_NORECOMPUTE = OFF, IGNORE_DUP_KEY = OFF, ALLOW_ROW_LOCKS = ON, ALLOW_PAGE_LOCKS = ON, OPTIMIZE_FOR_SEQUENTIAL_KEY = OFF) ON [PRIMARY]
) ON [PRIMARY] TEXTIMAGE_ON [PRIMARY]
GO
/****** Object:  Table [dbo].[InternalRole]    Script Date: 26/06/2024 5:16:43 pm ******/
SET ANSI_NULLS ON
GO
SET QUOTED_IDENTIFIER ON
GO
CREATE TABLE [dbo].[InternalRole](
	[internalRoleID] [int] NOT NULL,
	[roleDesc] [nvarchar](max) NOT NULL,
PRIMARY KEY CLUSTERED 
(
	[internalRoleID] ASC
)WITH (PAD_INDEX = OFF, STATISTICS_NORECOMPUTE = OFF, IGNORE_DUP_KEY = OFF, ALLOW_ROW_LOCKS = ON, ALLOW_PAGE_LOCKS = ON, OPTIMIZE_FOR_SEQUENTIAL_KEY = OFF) ON [PRIMARY]
) ON [PRIMARY] TEXTIMAGE_ON [PRIMARY]
GO
/****** Object:  Table [dbo].[Mode]    Script Date: 26/06/2024 5:16:43 pm ******/
SET ANSI_NULLS ON
GO
SET QUOTED_IDENTIFIER ON
GO
CREATE TABLE [dbo].[Mode](
	[modeID] [int] NOT NULL,
	[mode] [nvarchar](max) NOT NULL,
PRIMARY KEY CLUSTERED 
(
	[modeID] ASC
)WITH (PAD_INDEX = OFF, STATISTICS_NORECOMPUTE = OFF, IGNORE_DUP_KEY = OFF, ALLOW_ROW_LOCKS = ON, ALLOW_PAGE_LOCKS = ON, OPTIMIZE_FOR_SEQUENTIAL_KEY = OFF) ON [PRIMARY]
) ON [PRIMARY] TEXTIMAGE_ON [PRIMARY]
GO
/****** Object:  Table [dbo].[Revenue]    Script Date: 26/06/2024 5:16:43 pm ******/
SET ANSI_NULLS ON
GO
SET QUOTED_IDENTIFIER ON
GO
CREATE TABLE [dbo].[Revenue](
	[revenueID] [int] NOT NULL,
	[buyerID] [int] NOT NULL,
	[modeID] [int] NOT NULL,
	[date] [date] NOT NULL,
	[amount] [decimal](18, 0) NOT NULL,
	[remarks] [nvarchar](max) NOT NULL,
PRIMARY KEY CLUSTERED 
(
	[revenueID] ASC
)WITH (PAD_INDEX = OFF, STATISTICS_NORECOMPUTE = OFF, IGNORE_DUP_KEY = OFF, ALLOW_ROW_LOCKS = ON, ALLOW_PAGE_LOCKS = ON, OPTIMIZE_FOR_SEQUENTIAL_KEY = OFF) ON [PRIMARY]
) ON [PRIMARY] TEXTIMAGE_ON [PRIMARY]
GO
/****** Object:  Table [dbo].[Transactions]    Script Date: 26/06/2024 5:16:43 pm ******/
SET ANSI_NULLS ON
GO
SET QUOTED_IDENTIFIER ON
GO
CREATE TABLE [dbo].[Transactions](
	[transactionID] [int] NOT NULL,
	[modeID] [int] NOT NULL,
	[amount] [decimal](18, 0) NOT NULL,
	[billFor] [nvarchar](max) NOT NULL,
	[date] [date] NOT NULL,
	[remarks] [nvarchar](max) NOT NULL,
PRIMARY KEY CLUSTERED 
(
	[transactionID] ASC
)WITH (PAD_INDEX = OFF, STATISTICS_NORECOMPUTE = OFF, IGNORE_DUP_KEY = OFF, ALLOW_ROW_LOCKS = ON, ALLOW_PAGE_LOCKS = ON, OPTIMIZE_FOR_SEQUENTIAL_KEY = OFF) ON [PRIMARY]
) ON [PRIMARY] TEXTIMAGE_ON [PRIMARY]
GO
/****** Object:  Table [dbo].[Treatment]    Script Date: 26/06/2024 5:16:43 pm ******/
SET ANSI_NULLS ON
GO
SET QUOTED_IDENTIFIER ON
GO
CREATE TABLE [dbo].[Treatment](
	[treatmentID] [int] NOT NULL,
	[catID] [nvarchar](20) NOT NULL,
	[userID] [int] NOT NULL,
	[dateTime] [datetime] NOT NULL,
	[temperature] [nvarchar](max) NOT NULL,
	[treatment] [nvarchar](max) NOT NULL,
PRIMARY KEY CLUSTERED 
(
	[treatmentID] ASC
)WITH (PAD_INDEX = OFF, STATISTICS_NORECOMPUTE = OFF, IGNORE_DUP_KEY = OFF, ALLOW_ROW_LOCKS = ON, ALLOW_PAGE_LOCKS = ON, OPTIMIZE_FOR_SEQUENTIAL_KEY = OFF) ON [PRIMARY]
) ON [PRIMARY] TEXTIMAGE_ON [PRIMARY]
GO
/****** Object:  Table [dbo].[Type]    Script Date: 26/06/2024 5:16:43 pm ******/
SET ANSI_NULLS ON
GO
SET QUOTED_IDENTIFIER ON
GO
CREATE TABLE [dbo].[Type](
	[typeID] [int] NOT NULL,
	[type] [nvarchar](max) NOT NULL,
PRIMARY KEY CLUSTERED 
(
	[typeID] ASC
)WITH (PAD_INDEX = OFF, STATISTICS_NORECOMPUTE = OFF, IGNORE_DUP_KEY = OFF, ALLOW_ROW_LOCKS = ON, ALLOW_PAGE_LOCKS = ON, OPTIMIZE_FOR_SEQUENTIAL_KEY = OFF) ON [PRIMARY]
) ON [PRIMARY] TEXTIMAGE_ON [PRIMARY]
GO
/****** Object:  Table [dbo].[Users]    Script Date: 26/06/2024 5:16:43 pm ******/
SET ANSI_NULLS ON
GO
SET QUOTED_IDENTIFIER ON
GO
CREATE TABLE [dbo].[Users](
	[userID] [int] NOT NULL,
	[userName] [nvarchar](max) NOT NULL,
	[email] [nvarchar](max) NOT NULL,
	[password] [nvarchar](max) NOT NULL,
	[picture] [varbinary](max) NULL,
	[internalRoleID] [int] NOT NULL,
PRIMARY KEY CLUSTERED 
(
	[userID] ASC
)WITH (PAD_INDEX = OFF, STATISTICS_NORECOMPUTE = OFF, IGNORE_DUP_KEY = OFF, ALLOW_ROW_LOCKS = ON, ALLOW_PAGE_LOCKS = ON, OPTIMIZE_FOR_SEQUENTIAL_KEY = OFF) ON [PRIMARY]
) ON [PRIMARY] TEXTIMAGE_ON [PRIMARY]
GO
/****** Object:  Table [dbo].[Ward]    Script Date: 26/06/2024 5:16:43 pm ******/
SET ANSI_NULLS ON
GO
SET QUOTED_IDENTIFIER ON
GO
CREATE TABLE [dbo].[Ward](
	[wardID] [int] NOT NULL,
	[name] [nvarchar](max) NOT NULL,
	[code] [nvarchar](max) NOT NULL,
	[capacityCages] [int] NOT NULL,
PRIMARY KEY CLUSTERED 
(
	[wardID] ASC
)WITH (PAD_INDEX = OFF, STATISTICS_NORECOMPUTE = OFF, IGNORE_DUP_KEY = OFF, ALLOW_ROW_LOCKS = ON, ALLOW_PAGE_LOCKS = ON, OPTIMIZE_FOR_SEQUENTIAL_KEY = OFF) ON [PRIMARY]
) ON [PRIMARY] TEXTIMAGE_ON [PRIMARY]
GO
INSERT [dbo].[Cage] ([cageID], [wardID], [cageStatusID], [date]) VALUES (1, 1, 1, CAST(N'2024-01-23' AS Date))
GO
INSERT [dbo].[Cage] ([cageID], [wardID], [cageStatusID], [date]) VALUES (2, 2, 2, CAST(N'2024-05-28' AS Date))
GO
INSERT [dbo].[Cage] ([cageID], [wardID], [cageStatusID], [date]) VALUES (3, 3, 1, CAST(N'2023-01-31' AS Date))
GO
INSERT [dbo].[Cage] ([cageID], [wardID], [cageStatusID], [date]) VALUES (4, 1, 2, CAST(N'2023-04-04' AS Date))
GO
INSERT [dbo].[cageStatus] ([cageStatusID], [cageStatus]) VALUES (1, N'Occupied')
GO
INSERT [dbo].[cageStatus] ([cageStatusID], [cageStatus]) VALUES (2, N'Free')
GO
INSERT [dbo].[cageStatus] ([cageStatusID], [cageStatus]) VALUES (3, N'Being Transferred')
GO
INSERT [dbo].[Cats] ([catID], [catName], [age], [genderID], [typeID], [cageID], [externalID], [statusID], [admittedOn]) VALUES (N'1', N'Teen Patti', CAST(2.00 AS Decimal(3, 2)), 2, 1, 1, 3, 2, CAST(N'2024-01-23' AS Date))
GO
INSERT [dbo].[CatStatus] ([StatusID], [statusType]) VALUES (1, N'Expired')
GO
INSERT [dbo].[CatStatus] ([StatusID], [statusType]) VALUES (2, N'Move to healthy area')
GO
INSERT [dbo].[CatStatus] ([StatusID], [statusType]) VALUES (3, N'Adopted')
GO
INSERT [dbo].[CatStatus] ([StatusID], [statusType]) VALUES (4, N'Discharged')
GO
INSERT [dbo].[CatStatus] ([StatusID], [statusType]) VALUES (5, N'Under Treatment')
GO
INSERT [dbo].[CatStatus] ([StatusID], [statusType]) VALUES (6, N'Ready to discharge')
GO
INSERT [dbo].[CatStatus] ([StatusID], [statusType]) VALUES (7, N'Fostered')
GO
INSERT [dbo].[CatStatus] ([StatusID], [statusType]) VALUES (8, N'Healthy in lower portion')
GO
INSERT [dbo].[CatStatus] ([StatusID], [statusType]) VALUES (9, N'Underobservation')
GO
INSERT [dbo].[CatStatus] ([StatusID], [statusType]) VALUES (10, N'Missing')
GO
INSERT [dbo].[CatStatus] ([StatusID], [statusType]) VALUES (11, N'ready to move H.A')
GO
INSERT [dbo].[Donations] ([donationID], [donorID], [modeID], [amount], [date]) VALUES (1, 1, 1, CAST(5000 AS Decimal(18, 0)), CAST(N'2005-01-23' AS Date))
GO
INSERT [dbo].[Donations] ([donationID], [donorID], [modeID], [amount], [date]) VALUES (2, 4, 2, CAST(25000 AS Decimal(18, 0)), CAST(N'2006-01-23' AS Date))
GO
INSERT [dbo].[Donations] ([donationID], [donorID], [modeID], [amount], [date]) VALUES (3, 4, 2, CAST(28000 AS Decimal(18, 0)), CAST(N'2007-01-23' AS Date))
GO
INSERT [dbo].[Donations] ([donationID], [donorID], [modeID], [amount], [date]) VALUES (4, 1, 2, CAST(2000 AS Decimal(18, 0)), CAST(N'2024-06-21' AS Date))
GO
INSERT [dbo].[Externals] ([externalID], [name], [contactNum], [address]) VALUES (1, N'Muhammad Ibad', N'0305-2505689', N'Nazimabad No.1')
GO
INSERT [dbo].[Externals] ([externalID], [name], [contactNum], [address]) VALUES (2, N'Eman Fatima', N'0334-8595859', N'Lalazar')
GO
INSERT [dbo].[Externals] ([externalID], [name], [contactNum], [address]) VALUES (3, N'Fakeha Faisal', N'0305-3529582', N'FTC')
GO
INSERT [dbo].[Externals] ([externalID], [name], [contactNum], [address]) VALUES (4, N'Justin Foley', N'0305-2505689', N'USA')
GO
INSERT [dbo].[Externals] ([externalID], [name], [contactNum], [address]) VALUES (5, N'Mudassir Ahmed', N'0312-3245678', NULL)
GO
INSERT [dbo].[Externals] ([externalID], [name], [contactNum], [address]) VALUES (6, N'Hannah Baker', N'555-666-777', NULL)
GO
INSERT [dbo].[Gender] ([genderID], [gender]) VALUES (1, N'Male')
GO
INSERT [dbo].[Gender] ([genderID], [gender]) VALUES (2, N'Female')
GO
INSERT [dbo].[InternalRole] ([internalRoleID], [roleDesc]) VALUES (1, N'Administrator')
GO
INSERT [dbo].[InternalRole] ([internalRoleID], [roleDesc]) VALUES (2, N'Moderator')
GO
INSERT [dbo].[InternalRole] ([internalRoleID], [roleDesc]) VALUES (3, N'Surgeon')
GO
INSERT [dbo].[Mode] ([modeID], [mode]) VALUES (1, N'Online')
GO
INSERT [dbo].[Mode] ([modeID], [mode]) VALUES (2, N'Cash')
GO
INSERT [dbo].[Revenue] ([revenueID], [buyerID], [modeID], [date], [amount], [remarks]) VALUES (1, 2, 2, CAST(N'2023-10-02' AS Date), CAST(2090 AS Decimal(18, 0)), N'Teen Patti Surgery')
GO
INSERT [dbo].[Revenue] ([revenueID], [buyerID], [modeID], [date], [amount], [remarks]) VALUES (2, 5, 1, CAST(N'2024-06-21' AS Date), CAST(10000 AS Decimal(18, 0)), N'I am rich really so I can afford to give back, its my stylz whatever man I''m cool.')
GO
INSERT [dbo].[Revenue] ([revenueID], [buyerID], [modeID], [date], [amount], [remarks]) VALUES (3, 6, 2, CAST(N'2024-06-21' AS Date), CAST(7600 AS Decimal(18, 0)), N'I was a good person.')
GO
INSERT [dbo].[Revenue] ([revenueID], [buyerID], [modeID], [date], [amount], [remarks]) VALUES (4, 2, 2, CAST(N'2024-06-21' AS Date), CAST(500 AS Decimal(18, 0)), N'Bought a choc cheesecake.')
GO
INSERT [dbo].[Revenue] ([revenueID], [buyerID], [modeID], [date], [amount], [remarks]) VALUES (5, 6, 1, CAST(N'2024-06-21' AS Date), CAST(90000 AS Decimal(18, 0)), N'guroor nhi kia.')
GO
INSERT [dbo].[Transactions] ([transactionID], [modeID], [amount], [billFor], [date], [remarks]) VALUES (1, 2, CAST(4020 AS Decimal(18, 0)), N'Bought a Collar', CAST(N'2024-01-31' AS Date), N'Bilal Bhai brought it')
GO
INSERT [dbo].[Transactions] ([transactionID], [modeID], [amount], [billFor], [date], [remarks]) VALUES (2, 2, CAST(10878 AS Decimal(18, 0)), N'Bought a new Lamborghini', CAST(N'2024-06-21' AS Date), N'Bilal Bhai Zindabad')
GO
INSERT [dbo].[Transactions] ([transactionID], [modeID], [amount], [billFor], [date], [remarks]) VALUES (3, 1, CAST(25000 AS Decimal(18, 0)), N'Bought a new GTX 1060 3GB Gigabyte G1', CAST(N'2024-06-21' AS Date), N'Naem and Mudassir helped')
GO
INSERT [dbo].[Transactions] ([transactionID], [modeID], [amount], [billFor], [date], [remarks]) VALUES (4, 2, CAST(500 AS Decimal(18, 0)), N'Bought a new Cow', CAST(N'2024-06-21' AS Date), N'Mandi se Khareeda')
GO
INSERT [dbo].[Treatment] ([treatmentID], [catID], [userID], [dateTime], [temperature], [treatment]) VALUES (1, N'1', 3, CAST(N'2024-06-18T00:01:45.273' AS DateTime), N'34', N'Heart Transplant of a human')
GO
INSERT [dbo].[Type] ([typeID], [type]) VALUES (1, N'Pet')
GO
INSERT [dbo].[Type] ([typeID], [type]) VALUES (2, N'Rescued')
GO
INSERT [dbo].[Type] ([typeID], [type]) VALUES (3, N'Stray')
GO
INSERT [dbo].[Users] ([userID], [userName], [email], [password], [picture], [internalRoleID]) VALUES (1, N'Maida Butt', N'maida_butt@gmail.com', N'abc', 0x89504E470D0A1A0A0000000D494844520000040000000400080300000048C3DBB10000001974455874536F667477617265007777772E696E6B73636170652E6F72679BEE3C1A000000097048597300024E8D00024E8D01407A96BC000002DF504C544547704C2CC36C2ECC7129B96627AE6027AE602DCB7029BA662ABB672BC06A29B9662ECC712ECC712ECC712ECC712ECC7127AE602ECC712ECC7127AE6027AE6027AE602ECC712ECC712ABB6727AE6027AE602ECC7127AE6027AE602ECC7127AE602ECC7127AE602ECC7127AE6027AE6027AE602ECC7127AE602BC06A27AE602ECC7127AE6027AE602ECC7127AE602ECC7127AE6027AE6027AE6027AE602ECC7127AE602ECC7127AE6027AE6027AE602ECC712ECC712ECC7127AE6027AE602ECC712ECC7127AE602ECC712ECC712ECC7127AE6027AE6027AE602CC36C27AE6027AE602ECC7127AE6027AE6027AE6027AE6027AE6027AE602ECC712ECC7127AE6027AE6027AE602ECC7127AE602ECC712ECC7127AE602ECC712ECC7127AE602ECC712ECC712ECC7127B06127AE602ECC712ECC712ECC712ECC7127AE6027AE602ECC712ECC712ECC712ECC712ECC712ECC7127AE602ECC7127AE6027AE602ECC712ECC7127AE6027AE602ECC712ECC712ECC712ECC7127AE602ECC7127AE602ECC712ECC7127AE6027AE602ECC712ECC712ECC712ECC712ECC712ECC712ECC712ECC7127AE602ECC712ECC7127AE60ECF0F18DDEB12DC76E28B0617ECBA027B06128B2622ECB702BC06A2CC66D28B4632BC26B2CC46C29B7652DCA702DC86F38CE782ABD6829B6642BBE6929B8662ABA662DC96FEBF0F02ABB6727AF61C2E8D436CE772BB063C0E8D3E1EDE9E8EFEF2CC56D32CD7481DCA9E5EEEC29AF62DEECE728B464C2E8D5C4E8D6D6EAE23FB772D3E9DFDAEBE42FCC725FC1893AB56E45B87639CE792FB1664BBA7BADDBC351BC7F57BF84B2E5CA33B269C7E4D636B36BB7E6CDB2DDC6C7E9D841D07E9FD7B9BAE7CFCCE6DA3CCF7BD0E7DD66C38E91D2AE64D796BFE1D09FE2BDB7DFCAA4D8BCA9E4C4A9DAC055D48C70C79679CA9C6BC59279DBA4BCE0CD5CD59072D99F95E0B6CCEADB4FD388C3E3D38CD0AA74C89983CDA447D18288CFA796D4B22DC86E88DEAE6BD89A4BD2859BD5B5BEE7D229FFFFBAC6E1A0000000F574524E530009FD07FDFA400203010BF7512897A0F41D188B6DDE7AF3102CD273E620C8E3CEEBE0566719FBED0E5BA5289045254C36879A3332DA7F4B7796B59B2315CA2F5A72B87614F0D7BE05C6AEEB6382CE121DC192B2473F7AD94FE53B435FDD5F8F35893C9DBE56E8837D2F38C4AB2C68BBAA48A0A36ED552F2EFEE8CAFB986B554F93AA665E26AD26D6BE1C1BAF0FFFFFFFFFFFFFFFFFFFFFFFFFFFFFFFFFFFFFFFFFFFFFFFFFFFFFFFFFFFFFFFFFFFFFFFFFFFFFFFFFFFFFFFFFFFFFFFFFFFFFFFFFFFFFFFFFFFFFFFFFFFFFFFFFFFFFFFFFFFFFFFFFFFFFFFFFFFFFFFFFFFFFFFFFFFFFFFFFFFFFFFFFFFFFFFFFFFFFFFFFFFFFF07E7B1B58A000020004944415478DAECDDCD4B1CD91A07E0D181F6A3BFB0176DA041C4850441DC880B151475D1E04E171251548811123F10143422D310E34C86E9FFF9DEB95CE6CE9D9924DA76559D53F53C7F42D7FBEBEE3AE73DEFF9E107000000000000000000000000000000000000000000000000000000000000000000000000000000000000000000000000000000000000000000000000000000000000000000000000000000000000000000000000204CC31BCBD595C3DDD2E5DC4FAB7B9F7E6E3517EE3F6ED5EA3333F5DAD6C7FB8566EBE74F7BAB3FCD5D96760F57AACB1BC33E31885BBB512D553EAD7FAC6F4FECDC769FE9766762BBFE71FD53A5546DB47D96108791C6EE6AF3A0BE38B17FD3ED9B9BFD89C5FA417375B731E21386106D1C1EAFD7D6763ADD447576D66AEBC7871B3E6F08C2ABF94A6B6BFB7ABC9BAAF1EBEDAD5665FE95CF1F323236D79C99BCE966EA6672A63937E659408A5EEF9ED73EFCD60DC66F1F6AE7BBAF3D1748D870F5F8647BAA1BA4A9ED93E3AAFD43484463B6559F2C7703579EACB7661B9E16F4CFD0CA2F330FDD883CCCFCB232E4B9C18B8D9616D6C6BB111A5F5B288D7A7ED0FBBFFEE383C9E96EC4A6270F8EBD0FC0B38D9C9DCFEC7773617FE6FC4C07213C55BBD45CBCE9E6CACD62B3E448017CD7D8F9DD783797C6EFCEB50CC1D70DCC1EEC74736DE76076C07386BF5BBE5A2C770BA0BC78B5EC69C39F8CCED5F6BB05B25F9BB34308FF71D6BAE8740BA773D13AF3EC29B8F6E5D243B7B01E962E6D0D5058C3B34BB7DD82BB5D9AF51D40010D956A9B5DFE6DB356726E804219D9DD7A27F9FFF36E6B57AF2045F1FEE041E6FFEACDC17BDF01E4DFFCD194B4FFB32F1F0FD50779B672BF2FE7DF6C10389A5725E453637D47C29FD02DBCEE0031F95BF69B3D9D16EE274E11B8BBB42D40AE7EFC9B5EFC9FB71CB0E0E02039313CB73D28D2CF35B858D12144FCC64EDE48738F3B83F78E0D12B57665CD8FFF4B5C1CFB1B40AC968FB4FBBDBC51F863552511E18FFFEA5BE9ED8F5F577F544F44E555D39B7F3FCF0A2CB8909C88FEFB6F8D0B6D7F956B160489C3FB530B7F49EC0BDEEDAA2D423754F920AB4999F8498720211BF8ECB04FA2F67F31559C50354ECCF849DCED89B34284A8BAD411CF3474967406109AD2A264A667B1A4E208C748655228D3355931408C40CC897F165F01732A8F00CC4E086346BB82B3AA8FACDFFD7F15C4ECFC6A2D802CBDBF10C26C5DBC57856464DECA7F083B02E6089385B33BE10BC39D6B86495B7546F0C231A33588342DD71DF80BCA60DD6961D232B664C47F70A6970C12270DA32765710B51F964547592B0913DB3BE82F5664F7F30897AAFED2FECE6406D0124F8F26FE93FFC0D014B01246360C1CB7F0C4B010B86069180D507E18AC3C3AA6AA5CF0ECDFA8CC88743154B1F35EA421597BAC981F4EDE5BFE99E8FE88C372D05D017C753E214A3A963B5CB8B2DBBE3335A6F1D10E065DAEBB6FE62DE125C6FAB617A376FDC67E4268D0BA1E7C5BF23877EA337786431909ECCEE8B4F1EEC1B1ECCF3BDB2F59F9FA68057EA9967EEFDBD939BFC78674790E718DB169A7CD9764890A71AF9ACF32F77C63F1B16C293549DFBC9A50F4607F37DED858EACE45367415B10DF71F62828F9F5E80A11BEF9F67FA5F337D7CA575602F8AAC69A88E4DD9A41017CC5DCA67CE4DFE69C4AE71F0CD484A3186A4E07F0372BD7925114D72BEA9DFF5FFD6BD9FC2BD28660CB5A207F5EFDBB108A62B9B016C81F2A56FF8AB7165851F758FDB31648C1CDEFC84231ED1817C6D0FAB42414D5F4FA900414DB86DEBF425BDB908142FFFD77E747C14D790D28B03D477F0AAFBC270705D5B6FACFEFBB01A60414D2D884DAE77713E605165049F30FFFB5599287A269B9F4873F0CB624A250464F153D7F763A2A15C55175F497BFB83633B8302AC6FEF337E34E0715C3F0BD62E79FDC0F4B47FE6D38FACF575C680CCEBDF92FEA9CAFF9A23138EFAFFF9A7FF986B285805CBBB2FBCF370D5E49496E0D1D2870BEE7C08C809C1AB853DD7CDF9D5161B9D470F887279930313887AAFB2A9BA7D9D715983BA55B75CD53DD3A1E9833AB2EFEE1193AAB3293274D25CDF334A52637DA4BEA99E75A32292C275E1BFD4D0FD65ECB4E1E8C3DAA657AF16856600EACBC51C9F4E6CD8AFC44BFFD67F8073D1BB71D18B94BA7FF7881F2A50CC5AC62FB9F17E9381F1CB13DA77F79A141578745EB5CF9F272E79214A796DAA51FDC1A12A505954B7F2C48537C8ED42DFD72244F911971F5377D541B91A9980CD7D52CFD5477694844DAEEFEA4CF4E1D0E8CC6C0A27AA5DF16CD0A8DC4E85BD54AFFBD758378145E9BFE4B22260C088821FF932A95644CFA0608FFFFBFDF7F92FB0FE02D20F4F53FEFFF24B90E602530ECFD3FEBFF24BB17603730E4FE1FFBFF24EC544750B046F4FF91B819B707874AFF3F29A8495A989CFF231507B21622E7FF49C989B485C7FC1F52B32E6FA131FF8F14FD2C7161D95393A4E993CC85A462FE37A91A5C95BA705CBAFF83944DBB31241825F77F91BACEACE48561C5FD9F64A07C287B211873FF379978B72C7DD97BFDA812C9C6F52BF9CB5A7B4D1D9295B70E07676D4915929DBA0466ABA906C9926B0333B5AA02C9D69E1466D800A001888C4D97E4302BD55BF547D66EAA92988DC6BEEA237B530D59CCC2801B0008C28459E11918BA53798461DB9CD0F41DA83B42B1258F69BB527584E34A22D36502082119341D2055F326001094F2BC54A667E38B8A232C5F36E4322DC317EA8DD05CB834302DF7AA8DF0DC4B664A0B806A8D1059084C45D508408234EE54400A46AF551A61BA1E95CFC49DAA3342752A9F49730728016B4968B24A3A0009D8A0F120891ADB5463846C734C4A93D3360280C04D98149E9C9AFA227435394DCA9EEA227CE60427C4114062E060603236A6D416319872303001432E0124126B6604F6DFBABA2216EBF2DAF705806965452CA62D03F4D9C08EAA221E3BAE0AD0014081E906E82B3340888CE9207DD4700480C86CBA31B06F460C01253A172392DB2766001021B301FA64A5A398884F674576FBB20368082051BAB61768079002B317D80773EA8858CDC9AF1D408ACB5EE08B77009D0124626BF6025FE64A0D11B32B197E89334380885AF94C8A7BD77E5441C4EDD194E0DE2DA81F62B720C7BDAA6A01247A1D7706F7BA03F041F510BF0F76027AF359ED90079F65F95FEC9DED6B96E71987351F6262DE4828492020212DD28686B434D82E0612A21F02B65F12A84D6A309618C1578416B4120C98E228CD73752FB2B562EC1BA1765357275A6C3F0406FDB0D90DCBA46C2B436C2D63DD68BBFD037BA473E87CC9F3723FCF7DFDCEF338FE83E7CE791C2479EEEBBC0AA1B185D1010BB4705F60218C30396083116CCE9FADCC0D58612B3EE74BEB14630356986AC5E83C69606AC00E0D189D1F5DCC0C58A20BA7F361F93823039618673B503E6C6162C0165BB03A777A2A1818B04505D705E6CC503BF302D668E75860AE70133818843BC373A48F2D2060909A3EDCCE894966052C3289DBBC030C8EE18DE05C5E01E86050C0261DBC0CB034CDCC0958A519BF97A2892D006096162E0AE11010388643414B30C18C80652670FC9EB007144CB303C7EFC5001302B619C0F27B7C0538CB80806D66F92AF0EE70131098879B82EE4A238700C03C352C09BF1B9D4C07D8A713D3EFCC7666033CB01DD7EF44F52A46033CB08ACB02EFC42626037CB009DB6F67E52883013E185D89EFB7B18DB9002F6CC377BE0204BFF055E06DAC652AC00F6B31FE56FA563314E087D52C08BD15D600802B580C700B755C0504AEA8A8C37A5E0206BFF042F04DEC621EC01BBBF0FE7F1C601CC01B07F0FE063D4C03F883EB826FD0CB30803F7A319F63C0E0188E057FCF1E46013CB207F7AF53C924804F2AB13FCBCB0C02F8E465EC5FB6AC8B3900AF74E1FF321681815B56E17F3753007EE9F6EE7F753B43007E69F7BE1FB4961900CFD43A0F00BF0080EF5F01780700C031BEDF05E0140038C7F589803A7EFEE01DCFAB8158050CEE71BC20B869861F3F7867A6C96D00B80C08C0EF3541CB37F0C307D8B0DC69005EE2670F3037F7924FFF578CF3A307989B1B5FC15BC0007EF1F93EF00E7EF000D7D9E1D17F568102FC178FEB4177F26307F89E9DFEFCEFE33A50C88B2BEFD9FD6C15FE6E0B1F66A2211F5E0D278EDBFD74C3DEFC6F6D61A4212FFF4338B768F6E3B5B43A0B4033230D79FA1FC279BB0568F6E5FFD028330DF9FA9F2DC025AB9F7074C85500069869C8DFFF102E9A2DC080AB004C32D45080FF860B30E9EA3B40861A0AF23F846B560BE0E99BC02D4C3514E6BFDD026C71F42FC029C61A0AF43F5B804F4C7ED0293FFF06E41C2014EEBFD902F8391338C85C43E1FE87F0A9C9020C7AF1BF916300508CFF61E182C50254343A0900BB40A128FFB3982C8093EDA055BC050845FA1FC207060B305AE52200DD4C3614EB7FB6005FDBFBC4DD2E0230C26843D1FE8705830518F1E07F13FF0284E2FD37F93B4085874B8238080C89F86FB1000E0E05577730DC9088FF217CF89DB18FDD516D3E005D0C3724E4BFC10274990F00CB802131FFED15C0FC7AE0A6D58C3724E67F0867BF32F5D1575BFF37E03AC61B12F4DF5C01D6190FC046E61B92F4DF5A0136DAF6BF9FF98664FDCF16E0734B9FBFDF7400A6197048D8FF104E5A2AC0B4E9008C33E190B4FFB60A306ED9FF1E261C92F7DF56017A0C078065A0500AFF4D15C0F272505E038692F89F2DC0552B4FA1C3AEFFDB9971288DFF219C315380ED6603B099218712F91F16CC1460B3D98380B34C3994C87F43BF03CC5A3D1238C69443E9FCCF16E0B28D6731663400C38C3994D07F330518B6E9FF0A2E048392FA6FA500532B4C06A0923987D2FA1FC2291305A83419807A061D4AECBF9102D45BF4BF6A03930EA5F63F5B806FF59FC8068B37847431E9507AFF6D14C0E26AC0B58C3A94C17F1305586BCFFFA1FDCC3A94C3FF6C01BE507F2AFB87CC05602FB30EE5F13F8405F902ECE52F00C0FF8203205F007B7F03700E00CAE5BF81DF0166ADF9BF8B6987F2F99F2DC015ED67B3CB5800DA187728A3FFF205B0763FC01EE61DCAE9BF7A01266DF9BF72868187B2FA2F5E809995A602D0CDC04399FDCFF2BEF003AAE52010E0BFDF02D83A1034CEC843F9FD572E80A9E5C07D8C3CA4E17F08DFC83EA43A4301789E998754FC172E409BA100F432F4908EFFBA05D863C7FFE5354C3DA4E47F08AF6A3EA799E5EC0201FCF75B806E3301E0462048D1FF10BE947C5476B6836F64EE2145FF450B306EC5FF46E61E52F55FB40056BE08DCCDE043BAFE6B16E079230138C0E443CAFE87F099DEF31AB4E1FF500BA30F69FB1F163EFB48ED81D5D8F822902BC1207DFFAFFF0E2057001BD7033433FB1081FF8205D8C67BC080FF7E0B60622D50F53EA61FA2F03F843F6B15A0C5C2FD20BB987E88C4FF8505B102F4F01600E0BFDFDF012CBC09D0C9FCE37FA00005B1936D6080FF0917E0573A8F6E54DFFF2604C0FFB8F858A8008DF201D88A01F84F010A65805D0080FF7E0BA0BF13A01D07F09F02144ABBBAFF2B572301FEC7C76F450A50F120278100FFFD1640FD3CD01A2CC0FF28F9C37B12CF708D780006D100FF2940E188DF0EB0826520F81F2BFF5628404B957400FAF100FF294031689F07FA2122E07FBCFCF278FC0FF230278100FF4BC489F80BD0291D805954C0FF9839B718FBA39CE52410E07FC9381F7D019A8403D0850BF81F7B012E45FE34955F056A4306FC8F9D8B9117A04D38000DD880FF14A0381A380A08F85F4AAE455D00E103815535F880FFF113F74BC135BAEF02D6E103FEE37FB1E8DE12CE3A30FCC7FFA2D92A1B806D1881FFF85F2CBA37048EA004FEE37FB18CC806A00327F03F72FF05160375A8FAFF204EE07FDC682C0653DD0B388614F88FFFC533261A00AE05C57FFC4F80DDA201A8470BFCC7FFE2A9170DC00EBCC07FFC2F9E1DA201780531F01FFF8BE7154DFF1B1103FFF13F0934EF08EEC60CFCC7FF24E8960C40336AE03FFE2741331B8101FF93E3632DFF453703B30D04FFF13F11347782ECC30EFCC7FF24D8A7E87F2B76E03FFE2743AB60007AD003FFF13F19142F08ACC50FFCC7FF64A8150C007702E07F7CFCEE23C947AD7837C03086E07F6CFCE61747E6159FF530FBC000FF13F03F93912C80E256B0177004FFE3F35FB3002F0806A00549F03F42FF250BD0A2E7FF7A24C1FF28FDCF16E047720F7CBD5C0026B004FFA3F2FFD7998C6E0126E402C0AD40F81FABFF8205D0BB1D681D9EE07F3CFCE516FF33991F8B15601D1B4101FF13F35FAE007A7B41073105FFE3F55FAD00837201D8882AF81FB1FF99CC4F950AB051CDFFEA195CC1FF98FDD72AC04CB558009A7005FFE3F63F5B809FEB3CF926B100702F20FEC7EE7FB600A7651EBDDAFD8003D882FFB1FBAF548001768203FE27EC7F26F3AE4A01D436836FC617FC4F9F3F2DE1BF4E01368B05A00161F05FC0FF6C018E4A3CFE06B100F4620CFE2BF8AF52805EB100AC4219FC97F05FA400ABC402308E33F8AFE17FB600021B42C6C502C0B540F8AFE27FE667023F02B1CB81869006FFF13F4986781318F0DFADFF62EF02D7A10DFEE37F92D44905A0126FF01FFF93A4522A005C0C88FFE9F17B83FE8B5D0F780873F01FFF93E4102B4101FF73F13F63D17FB1B5A02FE20EFEE37F92BCC85920C07FB7FE8B9D06E26A60FCC7FF44D1BA2098B340F88FFF89A2751A88A5E0F89F02FFB2EBBFD862F0FD0884FFF89F24FB95FCAF4220FCC7FF64A9120AC07A0CC27FFC4F96F54201E87363CAE222FEE37F59E8E3306084FE9F3FB788FFF85F0E948E03F63BF1FFD2C510EC1500FFA3A45F2800137EFCB75700E3FEBFAEFA7399100AC09823FFAD1500FF2345E9764017FB402E5DBB317FE78EE37F9AFCD383FF521B41F6BAF2DF5201F03F5AF60A05A0DBBEFF9F5CBB7906AD1400FFE3A55B2800079DF96FA500F81F310785023060DEFF4FFF7F0E2D1400FF63664028009BACFB7FE1F649D42F00FE47CD267682C6ECBF7E01F03F6E760B05E0B043FFD50B80FF91735828006D96FDFFFAC2DDE651B9008AFEFFD193FF736D420168B6ECFF07779F48DD02E07FF4340B05608D4FFF750B80FFF1B3462800D34EFD572D00FE0B302D1400B3F7827CF7E15273A95800FC5740E9669061B7FE2B1600FF2518160A40BD5FFFF50A80FF1AD40B05A0C1B1FF6A05C07F1194EE06EBB4E8FF5767739D4FA502E0BF0A9D0440C47FA50228FAFF3797FE4B05A0C1B7FF3A05C07FFE04E09F80B9F0F9D9FCA654A300F8CF3F01F91A3027FF4FE63BA70A05C07FBE06E445A0D2F8AF5000DBFEBF6BCC7FA91781A6F13FFE02E0BF164AAF02AFC1FFE80B80FF62281D0632751CF8EAC942E735E60218F7FFA8BDEFA1948E035B5A0872F54CE1131B6F0114FDFF876BFFA516821CC6FFB80B80FF7A28AD043B84FF511700FF05515A0ABA09FF632E00FE2BA2B416DCCAC52097CF143FB9F11500FF2519100AC041FC8FB700F8AF89D2D560362E07BD7C2A99E98DAB008AFEFF1DFFB52E07DD8BFFB11600FF5551BA1EBC12FF232D00FECB5229148031FDC7FDEDA92467F8C471FCC7FFE218130AC004FE475900FC17668200E8FA1F4701F09F00F03F805CF8E254F2939C7E01F09FFF0110809CFC5F28C52CA75D00FC2700E5E239FC8FAE00F82FCE734201780CFF632B80A2FF3FC1FF9B784C28008F1CD37DCE57164A37D1E91500FFD539F688D29F00F3F81F5501F05F9E79A53F019E3D8DFF311500FFF539FDAC50001E3F8AFF111500FF0D70F471A1003C23BA93F5FD324C76F90B80FF1678FD19A100DCFF16FE475300FC37C15BF70B05E0A137F03F9602E0BF0DDE784828004FBE83FF911440D1FFBFE2FFEDBCF3A450001E785BEF017F53C6092F5F01F0DF0A6F3F201480FBDEC4FF280A80FF6678F33EA1003CF11AFEC75000FCB7C36B4F0805E0E923624FB7FCA694A30082FE2FE4E1FF694FFECF1D795A28004F65F03FFD02E0BF25324F0905E0D1CC31A567FB652AC35EEA02E0BF258E651E150AC0C39979FC4FB900F86F8AF9CCC34201F8C17FD83BB7D7AAD2338C7F431246732524421222124C30A2044D2ED48B1172318A83660CE8302078516FF44E14F44606C6DB61BD90347BE71C7324BB621B5B9A76DA4EDB69E99942A72DCC80507AD142E98D37FD07BAD73E247BADBDD49D64EFACF779BFE7F90BD67AF7F7FBEDF59D658AFCA76B00F26F2B53721E480083324BFE53350022FFFF25FFAFCFAC0C0209E0BEA0EC06FAE2DFA936FA461980FC5BCB8CDC0712C01341D90DF44DCACDBE3106B0CDFF8487FC07CBF20448000F046337D017DFA4DEF01B6100F26F2F8BF2004800B76585FCA76600F26F302B721B6A166089FCA76500F26F314B50B300A72443FE533200F937990CD43A803691ACFA92BE5403403D0D80C8FF3FC8FFDB92156983DA0B20AFB4FFFFBF548440FD0C40FE6DE69540ED05B823DA5702A9E2BF7E0630CEFF94AFFC07B3227790CE03109924FFFB6F00F26F35932248E7010C8BEE85002F5EAA03A11E0620FF869701C830D29160A27A21C08BDF294461EF0620FF96970108D29160574436C9FF3E1B80FC1BCEA608D2A9C0B744C6C9FFFE1A80FC5BCEB8C82D20011C13BD0B01D4F2BF370318E77FCC6FFEB3F91A20DD0CF430FFBC4A7FB2177F528CC4F3A73EF1FF4FF25F6BC6F24578082480B3A27521806AFE776F00F26F7E198020DD0E7C53942E0478F617E558ECCE00E4DFFE3200B90924801BF9E75D27FFFB6500F26F3DEBF93ADC0012C0A7A272210000FFBB3100F9F76119807C0A2480A1FCF3EABB1DECD9FF20E0D8A901C8BFFD4CE72B31042480CEF09723FFFB6200F2EF4126F2A5E80412C040F8DBCDEBAAE1D3E73080ECC40080FC7FAF76FEC7C97F98F9B0160340023822EA16023CFD0E1022CF9F917FF21F5D0620478004D01F3EB0AAAB01BEFC111424B51A80FC7B9199B01AFD4002702DA26B43F0973F06C3A4360320F2FF77F2BFE32CE6ABD182C4BFEBCE3FF19C9E02FEF5CF70A0D46200F2EF49E6F2E5E886124057FE89151D0CFC2F3C526A3000F9F725997C3DBAA00430AA6C1AE0FB060D40FEBD9A04188512C0BDF091351DE16ACF00E4DF9B6C8415B907258041D1B61DC89A01C8BF3F09B70241DD0EEEDC99F09157031AA0510620FF1E6535ACC91928010C878FACEC7E404B0620FF3E65292CCA3094006E89C2DD00760C40FEBD4AB81300EA48C0E29140220B3440430C40FEBDCA42A12C67A10470BAF0CCEA4E05B36100DBFC67C87F2CB385BA9C861240613BA02C073440FD0D80C8FFCFC9FFEEB32C689B019DEB283CB3C24381F00D40FE7DCB4AA1321D50023818EE0652782810BE01C8BF77098F039296835002703D85DF334B03D4D900E4DFBB640BA5E9C1E2DF5D147D678218300020FF3F20FF7B4BE13410B9082680C26E205D6782183000F9F73085D340C0F60239F741E1A9D7031AA08E0620FF3E66BD509D0FC00450D80DA46D3130B8018CF3FF8AAC27A6B010186C2F50693790DE3BC2110DF039F9F732E382B717A8B41B48648D06F0383BE17F81A42767AD58A06130017C2C8A47016900F20F3606281F8309E0AE681E05A401C83FD618A0DC051340712DB0CAB5803400F907CAB400AE04CEE778F1B9E7F5F6AD32DF26A5E45F7B8AEB00E5381AFF6E4474EE082E6721234203907FED29EE0596113801145702A9BA1E28CE3F0D40FED5A7B817186E1D90736DA2792950917F1A80FC632C0392363801B4171F3CA79A7F1AA031FCFF96FCD72B13C53AB5C309E06CE9171E53CD3F0D40FE5567AC54A8B37002E82C3DF9A4BEA2BECA54B6411A80FCEBCD64A9529D7002682D3DB9BE63C1C632D1564803907FB5592995AA154E00A5338134DD119CCC3F0D40FEF5A6D4587BF0F877174A3FB3B25F796CBCBA25D200E45F674A3B81E402A000EE89C6FD4049FCD300E45F694A3B81C0AE06AE3C1140D915A1C9FCD300E45F674A3B81E04E0308D32BFAF6038D4DBCAE3DD200E45F614A3B81A4175000D7CBBFF53C00FF3400F957986CB95ED7010530507E7835FB81A626DED42669803DE6BBE4BFDE992D176C0050004DE5875F84E09F06D847FED7C8764D592E57AC095000AE5B54ED07DA98785BBBA401C8BFAE947602493722FFEE72E9E973F318FCD300E45FD91040AE54B2CB900218D43408B091ABA56DD200E45FE310C020A400DA45CF4A80DAF8A70176CBFF6FC87F035701006E060E7363EB374F5FA5B95ADB270D40FED5646BD7CAB72005D0B1F5ABA77E26C0EB1600D200E45F6F16B6CAD60129007754D49C094003907FB894CF0290A398FCBB4F44CF44200D40FED13257AEDB27A002286F07925C960620FFE47F979380905B81C29C104D13813400F9C79C049413A002E8DC7A03155704D200A9F23F4DFE7739090878206031075AF44C04D200E41F2CE5ADC0D272005400AE6BEBE75FA001C83FB3BB49C02E54FEDD03D133114803907FCC494079002B80E1AD77980B6800F2CFEC661250866105B07528908A89401A80FC234E02421E07544C9FA89A08A401C83FE024A0F4C10AA07C3988AA6BC269807AE487BF26FF0DCDE256FD7A70F97797B65B414003907F66E7938072095800A7B6DBC11A0D40FE995AB3B65DC153C002B822DA26026900F28F3509285780053024EA260269807DE57F9E2CEF711250868005F04EF3F644E03C0D40FE99DA32BF3D09D8FC0EB000DC88CE3E000D40FE517A0023C8FC578E022E053400F9676ACA928D3140E78E55B487791A80FC3335F5002ACA780C5A00D7446B1F800620FF083D00B9062D0077586D1F800620FF003D80A3D8FCBB27A2722D100D40FE215601C9137001F42AEE03D0003BCBCFC8FFFEF700DAC105705714F7016800F2AFBC0700BD0C28CCBB8F34F7016800F2AFBB0770E800B800DC63D57D001A80FCABEE015C42E7DFDDD1DD07A0016AE4FF97E43F8D1EC0557801DCAC6C1B0B3400F967DE9C85CA6A5E8717406B4BC5EB2C073400F967DE98E58A6A36F7C30BC05DA8789FCD800620FFCC1BB35951CE2E7CFE2BF70329ED03D000E45F690FE0BC010154EE0752DA07A001C8BFCA1E00ECB5A095E98BB4908006B0CBFF26F9DF7BA62B2B7AC480002AF703A9ED03D000E45F610FA0DB02FF153704AABA1F800620FF0AB35859D27B260450B91F48C945E13400F9579A8C18DA0954CCC9483B99A101C83FF3BACC448A3A644200EE68E53BCD0534004A3E27FFFB9DB9C810C0411B0218148861401A60F7FC2F91FFFA0F01CA7D1BFCBB8782310C4803907F4D4380E0E7816EA7BF056418900620FF8A86009B3F342200371A692EB33400F96792321BA9EB652BFCBB7382320C4803907F2D438072C78C00EE465BCC1A0DA09EFF9F90FFFDCF9A589C040CD32D083B826880DDF09F25B8F54A641F90F41CB42380DB82330C4803907F0D4380F2C00EFFD12DC1DA8701BD3700F9D7300468622B70391F36475E6DAFAE85CA0000176D4944415425A001C83F13CB8AD89C040C7339F26EB9791A406D7E4AFED3C97CCEE82460983B02350CE8B101C8BF8E21404393806186624747053400F96722998E96F7B429011CEC89BEDD060D40FE99CA6C44CBDBF3AE2901448F0512590D6800F2CF5464355ADF27B6F87727A2AF975BA301C83FB39DB59CDD49C030EF452702756F0AF6D400E43FC52CC62AFC9E3101442E08CA673C4B03907FA69C6CACA15DB0C6BFBB1A6B4393010D40FE9952266325BE6A4E009DB137CC043480A6FC8DFCA7994CACC69DE604E02EC65E71860620FF4C3133B11A5FB4C77F7C31A02C053400F9670A5912CBCB008B39196F491B3400F967C26CC4AB7CD2A0005C57EC2557021A4009FFBF20FFA9662556E52E8BFCBB8FE28D69810620FF4CFC36807C3E32298081F86BAE073400F96782F5789D074C0AC08DC45E13E058000F0C40FED34EEC200091119BFCC74E07C73816C0BC01C87FEA598E17FA9C51011C89BF68264B03907FDF938D2F029223460510DF0F00B31ED8AE0176C0FF1CF96F4CE2AB800DEE03286738FEAAD3010D40FE3DCF74BCD4C3660570ADAA59CDD20029E62BF29F7E66AB6A7DCDAC0062870323AD07B66800F2AF21F155C0C68E038EA6BDAA658DD100E4DFE78C5515BBDDB000FA9A05763DB03503907F1589AF0296E63EC30270A3E89F00660C40FE957E008C5AE6DFF556B7AE800620FFDE66AEAADCBDA60550DD0790291A80FCFB9A29F1AB07E0DC67023E1160C200E45FEB14807C669BFFF845E1500783983100F957928DEA821F332E80A61E039F00E00620FF7A3F007A9A8C0BC0B509F872407803907F2DA95E04286DD6F9AF3E1A10F21300D8005FFDB1E6275F21FFFBFC0160F330C0B72D0540FC04803500F9D7FC01306A9FFFF835A1789B02A10DF007F2AF26D3D5353FE181009A8E57BFF70C0DA08F7F12DAD8CC54D7FC7893070270A78C7C02001A80FCEBFE0038E503FF55B704C27E02C01980FCEBFE00B07823604DA702A07E02801980FC2BFF00B8EC07FFEE8A994F002803907FED1F00573C1140EBA3EA77CF043400F9F72899EAB23F6AF54400EE7C42A39BA401C8BF3F994CA8FB795FF87743096F9FC9D200E4DF9764133E0064C81B01545D1286764D109C01C8BFAE2C27147EC41FFE130E0612C9ADD100E4DF8FACE5122ADFEB9100FA0F25146035A0011AC4FFEFC9BFAAAC2654FE50BF470270B7931ADF140DD090FC87FCEBCA5452E96FFBC4BF3B9D78FB644003907F0FB29454FBD35E09A0FA9E50E0D540BA0D40FEB525690D90E11B4193734C2C4D052A36C00EF85F259BA94D019A3F0B309E038793AAB018D000E4DF7816938A7FF880670248B826107A2A50A901C83FC614A0E90B015FB321E07D73BD507D0620FFFAB29254FDF75BBD13803B93D80E376800F26F391B89E53FE31FFFAEAF25A9129B010D40FE0D6733A9FC2D7D1E0AC0DD17635381CA0C40FE51A600E5BE8FFC271E0D863D15A8CA005F937F9429405F8E028BE7B1589B0A546400F20F3305288FFDE4DF5D4FAC466E810620FF36B390380528D73D1580EB32B920558301BEFE15F9479902942E5FF977B7929BE42C0D40FE2D6636F927B8E5AD009ABA2D8E03A66F00F28F3402D8DDE4AD00DC39B1380E98B601C83FD208A09CF3977FD77128B926633400F9B796B1E4DFE05087C70248BA2710F8A220150620FF4A339DFC23FC9FBDB37989634BE3B0C16E345935A810451151D160907C20F12E14EEA2FD22C60E440904B21837B9BB9080D95C02B97B5F506CDB8F56FA4B6CB8705D0C590D339B99DDC02C87D9CE72FE8B89492693E45A55E7549DEEAA3AE779FE03EBF73EAF5DE73DE7D46D97FDEF18CA5CFD546A748090FC1BFF9349EDEA1032434E37808E9762E56680D83A00FE27148F2D00F2D26DFF3BFA3D7E0254B7E900F86F11558F1F00FD8E37808E5F3CEAF3880E80FFF670E411C32FAEFBDF31EDF11360EF8C0E80FFB670B6E7F10360DAF90670F527022CB9A2B6BD1D40C3FF739C6C2B758F1C36F1BF63282B76EE086E7707C0FFC4E2B10758B243F87FF5C7C23FEE083EA103E0BF0D9C143D82F801FB3F50C8DAFC9EDAAE0E80FFC9A5E1F503A080FD3EDB01537E43687B3BC0BFF03FB15C7825711BF73F32EE7122400EF7E900F89F76F63DF6004B6E1CF73FD1E355AC956D3A00FEA79C8A57143D98FF99B5371E8FA8B94307C0FF9487EFB10758DEAC61FEFF5815AB5F025ADC01F03F8D2F00B28AF75FB899B7BC625BD901F03FC99C7B6591BF89F7FF67C3B3668FE900C6FCAFE063BB39F60C6303EBBFE2C688D8BC1DA8851D00FF938CE7162019B981F55FF3A367D996B7E900F89F52CA9E69FC88F3DF706DD0F35195E800F89F4E4A9E690C5EC3F96FE9F57C5696CC025BD101FEFE2BFEA7710228D28BF1DFD1D92796CF02CD7700FC4FE90450FA3A31FE7B9E3A30BD32DB01F03FA5134091A7F8FE7B16C5F659A0D90E80FF699D00CA22B65F81D7FDA016CD024D7600FC4FEB04909B403DF841AC9F059AEB00F89FDA0920F78078309717EB6781A63A00FEA7760228F9395CD7DD0D64CF2CD04C07C0FFF44E00D903E4C9D28CD83F0B34D101F03FBD13409959C2742F1EB851C9513B00FE279D8A4F240FF0DC9B9FC5815960D40E80FF299E00CACF581E6E1428BBA774804BFE8AFF09E7D4275D4680A14781362D0344E800F89FE60500468001AC4D38F241BBB01D40C3FF1A2EC642C32793092E020C7D2AD0AADD00613B00FE279E925F289C020CA27BC1E7F1350FDCEC00FFF90DFFD3C281CF0E0059E8C6F0209EF855B53D8702F43AC0DFFE84FFE9C0E708C0079EE077306FFD9E6075DBCD0EF0977F5EFAFF47FC4F3A55BF54DE62B70253596756B6353AC0AFFFC0FF14E0B70348B253D8ADC25DDFDA3E72B403C89FF13FF11CF9C67217B795E89CF17B8A161D0BD2EC00F89FF834FD160065867BC01459F72DEFC3133A00FE277201F0D0379775CC56E59EEF83AC6FD301F03F81D47D73B987D7CADC1C74A8C40D7700FC8F8B9A6F2E837C0B50832DFF223FA603E07FD238F60F660BAB7558F17D98361D0C34DB01F03F2E4EFD435CC1692DC6F3FE0B81FB7400FC4F12FBFE0B80F9719CD663CCBFD2CBDB7400FC4F1065FF64C6305A93EB8FFD9FE8391D00FF93C3B97F328FAF63B42ED359FF675AA203E07F5228F927939DC6677D36C4A55140F40E80FF491D00C8063687A07BC0FFA95A753940F40E80FFF125D7F48F66805B00427127232E0D03A37580121EC636002CFA4793B983CBE1E809287ABB4E0544EA00F81F1B012700447A30392437FA021E6D759F0E80FFF1B25F0DC8A6EF062687E54950E1D7B7E900F81F2B8DA070B8062C029BAE5D7D1FAA03E07F7CD482C2D9C4E2282F0133AE157F880E80FFF1711414CE0C2F00D1260159716B3B807E07C0FFF8380E18004A9609408BB703C9DE8EDB1D00FF638C6A4FD802D462BA1E073DE3E299CB1D00FFE3E3AC1894CEE32E0C8E4A212F8E6D07D0E900F81FE300F07D503AF902FE466734D002DBB603A87700FC8FD1FF6A603CA3D86B8257810FBAEC6807C0FF182907C6F30A778D30D927AE6D0852EB00F81F23F5C078FA2671B75DB3406938D801F03F46023700320134C80BA103E07F92380FAEC817786B8CEEE5E0E77DEE5807C0FF18A904D7E33297001864281FFCC42B4E7500FC8F915A7035E687B0D624B75CBC13C7A703E07FB2FD975B386B96D72EAE8A7B7600FC8F91924229BEC6D8F6CF02458E1CE900F81F23470A85C804D03CEF3274005BFF4ADBFCCFBCC357F3CC2A3CF9E6B1031D00FF6324F000F025B3D8DA0A56E800F89F06FFF910688B960116543AC085E51D00FF63E442C5FF0516005AC4544EE1F15B7741C8B71D00FFE34C624FA100DF4C616AABD8523922B767F36F00FC8FF3FFBF8AFFB285A7ADA3479C5C07383DC4FF94BCFFF31990D61E0A5874B303ECD7F13F1DFE2F7204A0A5CC0D2B7500FB4CA9E17FBC1C29F93F3C87A3AD45E16E003BFF571EEFE27F9CFE2B951D7700B49E31576FCBDBC7C2F828A955DD187EB69E4DB52C6A542D987C015380CF80B583CE47740048A2FF8F3AB1B31D0C4DA8E551A172C10415B57A9BE00E9036F12CA396C839B50BD13957ABB6CC33CC6C171B6A91D8775328B49F8662B1F119C0F6717D4531943AF50BD1A82B96DACA75BC6C1F93038AB194199E4104F6CB8A8536C011C0B65218560CA64A0780F0FE5715CB6CB08093EDE5A79C6234EFCFA86308C7D97BC522CBFD8491EDE689E228408A3B54328461A7A858629907F898D83DC1227BC7D432E873BCA75A61EC008E851ED57C9A1CA3016DD48EFF7105408CC3C097AA09B12D1874A92917D74B068031D1B9AC1C52836100E82CFF37944B6BF91A26C6C5DC8C724CD513AA1A5439A92A17561F5780C4C8F484725087A7D435A8F1E50E46851340DC011C2BEFB2CA51310E04C3E33F91EC3A0EC6CBA8725616DE150A2D19FF35D56B8AAF80C7CEAC7A5A7C551782296914D40BFC8B9F7B1A817143000470AE514EAFB02F0174BFD5888CD381E03BFE2B6B14D3E212F62581C9471AA1310C0023CBFF220337712F21DB01163462DB652910BC96FF76350A69661CF392C2789F4670EC0B86ABA9E954515F01EF92C3D0B04E76F5138A1DBEE7A4AE534383D35897A82D81833AE91DB22708BE6347E7F55F46D8009830FA2774F2E380307CCB5153A77EF2DC009438EEBFD14990AF86C0D754B48A277707DF92C71F725A21723C10BEBCFE57F5FCE70040227996D58AB17840E5C3250745ADC2C93EC1B564F254AF0334391A001F2835F5FCDFC2B4A4329AD18A927B8240E7EE9F4F3700730030C13CD40B938DC1CEA3B5F9971B80134FAF669C6C0C761BADCDBF97F4E258B2D9D00C542ABC06B8FBF3BFA25B2D7C0238F1DCD5CD946D81AEB2A3FBF35FEEE257F2E9D14D956900ABFF7C01C42256757395F2093AB8C64959BB4C56712B1DCC6A475B642DD0B5D5BFA27691CC62565A18D30E57CE590B7469F5EF5CBF4298FFA588E719612D10CCADFE49E63956A589D1ACB01608A656FF243B8A53E9E2817E07602D90D53F2FFF1F6054DA789613D602C1C4EA9FE49EE153FA789717D60221FAEA9FE4DF61531AB93F12226CD60259FDFBFEFEBFFBB8944EFA0743C4DDE47080B5FFFE2BCD100531D88F4969657A58C2FC08B8C0151BB908F3EF5F86B9FF3BC51466C2642E0DC601F62DFE374295C24C018BD2CCF840A8D81907B0F8FFE9FB7F7CFF2BE5ACCD870A5EEA6748630F67F5705530BF864169E7DA4AB8ECF7F87688351CED85AB81956BF8937EBA6E874B5FAA5C186805A7D5900570BB0B7BACA03713AE009A7C47D8026ACD70E967B8FECF1A9EE642FE0F605B50DA09B5F5E7E3F6DFA778630FF7074396017786A61AFD5B3FBF6CFF61FB9F550C0D84AD042682CECDFE2EC77F433863173717C3D682D4590C4CE7E25F3D74E48B3731C636965E852E078E07A4F2D77F3374E0AF96F0C5425E842E0829B229206DA3FF62F8B45FE08A9DDCCA862F8AF79C104A1117EFC3279DE5EB9FD6B23E11BE2ED81C9C1ACEEA11629E58C7137B99EA8B501A2C0558FFF22FD23785253633371FA138580AB0FCE55F647E0E47ECA673334A7D48F500C592CC413552BC9B9D18623D63D94835D2602920B92FFF8D48D166F9F88F13DC198E5426CD1A4B01C97CF9AF3523053B7C07371C5908588C542852E41B4209A4548C96EA22AFFFCED0DD23115B00AB8156ADFD7DA0A71B2F1C622B17B15E0E690149D2FF30629CB92D9C706C47C082D002D0FF330B4CFF9D63724522B7004E0A2780E3C8FACBCA243E38C86C2672E554690171EB5F8D1C62661617DCE4D988446F011C128A918BE8FACB089FFE7596C2BC1868016C0E4CE7B6BFCF9B7F0B78E02E9DF70C949094B93A340676CA26B2BBC7E65FB77998335146755A40BBF5AF9BC82DF710039C9F073E3251492C07A66DE9EF92474CFFA0A3B3C74831C9618933026D61BF746826B11E7EFEC3C769C0B099822AD64ED0B3D59CD48A66D21A66F51F3EB3B662A6A6A4D9E00AF196727ADE3414D50A1FFE05D36B811FD703D918D0BAB17FDD544AACFEC1B74CCF9BAA2DA97248A0251C558D45343F4DC5C3B72CDDCD18ABAF22EB81E657FE8AC6E2C9DCE5C31FF07BD6878D9598EC55B839CC2067955D73D90C73F1375CBD16F8D25C9549B3CECE0053AFFE8DA6C1605EB2FA075E3CCF19AC3429D6F8196060EC77683293DC73AA1C7CD602974D561B3F03226FF9AB378D06B2CCEA1FF8D2BD9A355A71FC0C88F0E65F2B9ACD22BBCAC57F1044BFD91F0197A705F91910E69F7FD9740ECBFD543704D3D59B335D7AC50A3B04F576FC558AA633C8F57651DBA044E1AD18A77AC4DE00E52D3F65F3CFFF6D81BA06656E8D982FC1DD0AB706C4F3CF5F64E416350D3AACBD96167058E355C0DFFEFFB677372D6D656100C7A768A8BA1292C024240469427A3194C4109A2C2C64A1D1A2B6422C01218BB8A93B89103722B82E1C508CB73751C9CD4D893B577EAD7E868933B4CC0C9D4E3539E7BEFD7F3BC14D4E9EE7E49CE7BC4D76D1EF9B43D6FEF158D5B0A00F509CFDF7529A3C5C259AF17873996929F128EE5919FCC19A9F6ECA69EDE9CC1CB18C27C9468524A64E1FA022FB85886689633CD5DA878090D7075C93F97F6EF69597FD22F081837F18C7AB6D21E803DC99FD426CB3F317639A4DA62546E8ED959FE7025FF4AB5B898D9B4ECE12BF187F453013103219BDAE0FF7085D767B86D4660D6458FBC3642C1E0BB94603015F2D0EDEC8FDE97F70CC9DFF989CD705219B31F4C740E0B23B34A43766E135318B89AE079457A447AD0F06020A7EFA4756CAD4FE3169CBA569A140DBB30381D14F7F5B450B4E9796895648B05F114ADC9A7DAF750297DDBE79ABA6F52AFB442A246985852AC6B0E39105C22F1D0593FEEFFBFE5B4429E4992ACE0B75DA96EEF213C467BAD556D860F345DEFB845CA9A650EAC2ADF3818751FF85DAB66AA6884F48975F17AAB96D3EA074D4FFFDCABF3CB109255E6F09F5CECD61E7CCF16381CBB3CED03CB7A179B658F9873AB5A8B08761F5BB0EDD2B70D3ED5B864DCD12AD11935069F6C5AAB0CD8539D0EF1C7490F0FA4E1FA89EEFFFDDEA0B4EFD40B5E75A41D8AA7DD5EB9CD9DC0D5C9F757A576D7BDBA1A071DF37EC30530F0BDB5D18D650EFAA2E0E5C9E75F5A1655CD8FFF9C3755EFB815DD69209E110E7F7564FEF7E95DC115C7EEDEA3DEBFEDC299F3A9164D73FEC34158A0947699B56AFDFE97EBE99E0E4E0FAE673B7D3EF5966DB599F351662DF0FECF6ACBC209CA96D98D6E0A137B87B7C6F707D73F790F303CB34DA0EFD780BE567441F1C60AE98168E77DE368C7BD334AF2C6B3018F67ABD7E5FD73B23BADEEF8FFE1C0E06967535FA877BC3689F3BFFF3A48BDCF60DA778594C08A89CFB175F1275705239B01E252D956DFBA953FA83E3543F919A2A7CE2A52F38D37E33407ECA1538E4BE0F38572AB84292CA73147C4F8CC1D9F5C032F5405995BF32953F38DF8CB645B24EDE9646E50F2EB17B42C24ED6F12E51051789EC510F9C5CE5AF1921A2E032EF42EC0C9888D5328FFCC195B24BF3E4EF78E6F74E8923B8D65CF20D493C46E12F49DD1F2EB79F616BC093AC94B8E6175E30A56D93CE8FB55EE7B41F3C6331B8404EFFBA7466919881A7ACB58EA7C9EC5F5279C1453FF0A0F8C755B2FBFF1436E3440ABC2AB25920C7FF5B38C7593F785C3E1826D37F98FD41AAFEF0856C901383FF92C864890BF8C6EC692646D67F13CB3478DB0B3EF37CA7C4D2E0C8426987A7BDE04B33BB4B697F677F7A699797BDE0EB3E20E8DB4383D120D90FFCF63EF9F6C86FC97FF436F99E6F1EF8CBDA4ECE470381686E87EBBD807F4A6D1CF8E0DCE0CAC1468AEF1AF86145A091DBF272F66FE51ACCFA819F0E04EA079E5C1A481FD4F9E9077EC16C24D9F4D4998142331961AB0FF008CBADE0BA076E160EAC075BCB7C9BC0134C358A272E9E0FA44F8A0D8EF60363CD071637F65C381F28EC6D2C32EA0726331FA8052BAE190AA42BC11AA37E60C252D5E261D4D1658140F4B058A5D60F483313D172270EBC4E207192D3222CF2032AFCDE082DAD3BE4D9A1F9F5A550E377BE1340ADD978AD583A2ED8362908148E4BC55A9C521F60673F903AD53EEE55C2CA3A8240B8B2F7513B4D91F98083AA03F19DFA66733B21EDF981E9C47673B3BE1367A60F38D75A3C5BD5CA9BA5834A3436F6A820108B560E4A9B65AD9A8D738417709997F17C550B3DF4066FA2ABE1D8C2D14FBB84C0D1422CBC1A7DF390F321AD9A8FF3382FE0315373EF52F15791FCE96EB5D66AD5AABBA7F9C8AB78EADD1CBB76010000000000000000000000000000000000000000000000000000000000000000000000000000000000000000000000000000000000000000000000000080B7FC016AAF0B8127B66B8B0000000049454E44AE426082, 1)
GO
INSERT [dbo].[Users] ([userID], [userName], [email], [password], [picture], [internalRoleID]) VALUES (2, N'Ahmed Bilal', N'ahmed_bilal@gmail.com', N'123', 0x89504E470D0A1A0A0000000D494844520000040000000400080300000048C3DBB10000001974455874536F667477617265007777772E696E6B73636170652E6F72679BEE3C1A000000097048597300024E8D00024E8D01407A96BC000002DF504C544547704C2CC36C2ECC7129B96627AE6027AE602DCB7029BA662ABB672BC06A29B9662ECC712ECC712ECC712ECC712ECC7127AE602ECC712ECC7127AE6027AE6027AE602ECC712ECC712ABB6727AE6027AE602ECC7127AE6027AE602ECC7127AE602ECC7127AE602ECC7127AE6027AE6027AE602ECC7127AE602BC06A27AE602ECC7127AE6027AE602ECC7127AE602ECC7127AE6027AE6027AE6027AE602ECC7127AE602ECC7127AE6027AE6027AE602ECC712ECC712ECC7127AE6027AE602ECC712ECC7127AE602ECC712ECC712ECC7127AE6027AE6027AE602CC36C27AE6027AE602ECC7127AE6027AE6027AE6027AE6027AE6027AE602ECC712ECC7127AE6027AE6027AE602ECC7127AE602ECC712ECC7127AE602ECC712ECC7127AE602ECC712ECC712ECC7127B06127AE602ECC712ECC712ECC712ECC7127AE6027AE602ECC712ECC712ECC712ECC712ECC712ECC7127AE602ECC7127AE6027AE602ECC712ECC7127AE6027AE602ECC712ECC712ECC712ECC7127AE602ECC7127AE602ECC712ECC7127AE6027AE602ECC712ECC712ECC712ECC712ECC712ECC712ECC712ECC7127AE602ECC712ECC7127AE60ECF0F18DDEB12DC76E28B0617ECBA027B06128B2622ECB702BC06A2CC66D28B4632BC26B2CC46C29B7652DCA702DC86F38CE782ABD6829B6642BBE6929B8662ABA662DC96FEBF0F02ABB6727AF61C2E8D436CE772BB063C0E8D3E1EDE9E8EFEF2CC56D32CD7481DCA9E5EEEC29AF62DEECE728B464C2E8D5C4E8D6D6EAE23FB772D3E9DFDAEBE42FCC725FC1893AB56E45B87639CE792FB1664BBA7BADDBC351BC7F57BF84B2E5CA33B269C7E4D636B36BB7E6CDB2DDC6C7E9D841D07E9FD7B9BAE7CFCCE6DA3CCF7BD0E7DD66C38E91D2AE64D796BFE1D09FE2BDB7DFCAA4D8BCA9E4C4A9DAC055D48C70C79679CA9C6BC59279DBA4BCE0CD5CD59072D99F95E0B6CCEADB4FD388C3E3D38CD0AA74C89983CDA447D18288CFA796D4B22DC86E88DEAE6BD89A4BD2859BD5B5BEE7D229FFFFBAC6E1A0000000F574524E530009FD07FDFA400203010BF7512897A0F41D188B6DDE7AF3102CD273E620C8E3CEEBE0566719FBED0E5BA5289045254C36879A3332DA7F4B7796B59B2315CA2F5A72B87614F0D7BE05C6AEEB6382CE121DC192B2473F7AD94FE53B435FDD5F8F35893C9DBE56E8837D2F38C4AB2C68BBAA48A0A36ED552F2EFEE8CAFB986B554F93AA665E26AD26D6BE1C1BAF0FFFFFFFFFFFFFFFFFFFFFFFFFFFFFFFFFFFFFFFFFFFFFFFFFFFFFFFFFFFFFFFFFFFFFFFFFFFFFFFFFFFFFFFFFFFFFFFFFFFFFFFFFFFFFFFFFFFFFFFFFFFFFFFFFFFFFFFFFFFFFFFFFFFFFFFFFFFFFFFFFFFFFFFFFFFFFFFFFFFFFFFFFFFFFFFFFFFFFFFFFFFFFF07E7B1B58A000020004944415478DAECDDCD4B1CD91A07E0D181F6A3BFB0176DA041C4850441DC880B151475D1E04E171251548811123F10143422D310E34C86E9FFF9DEB95CE6CE9D9924DA76559D53F53C7F42D7FBEBEE3AE73DEFF9E107000000000000000000000000000000000000000000000000000000000000000000000000000000000000000000000000000000000000000000000000000000000000000000000000000000000000000000000000204CC31BCBD595C3DDD2E5DC4FAB7B9F7E6E3517EE3F6ED5EA3333F5DAD6C7FB8566EBE74F7BAB3FCD5D96760F57AACB1BC33E31885BBB512D553EAD7FAC6F4FECDC769FE9766762BBFE71FD53A5546DB47D96108791C6EE6AF3A0BE38B17FD3ED9B9BFD89C5FA417375B731E21386106D1C1EAFD7D6763ADD447576D66AEBC7871B3E6F08C2ABF94A6B6BFB7ABC9BAAF1EBEDAD5665FE95CF1F323236D79C99BCE966EA6672A63937E659408A5EEF9ED73EFCD60DC66F1F6AE7BBAF3D1748D870F5F8647BAA1BA4A9ED93E3AAFD43484463B6559F2C7703579EACB7661B9E16F4CFD0CA2F330FDD883CCCFCB232E4B9C18B8D9616D6C6BB111A5F5B288D7A7ED0FBBFFEE383C9E96EC4A6270F8EBD0FC0B38D9C9DCFEC7773617FE6FC4C07213C55BBD45CBCE9E6CACD62B3E448017CD7D8F9DD783797C6EFCEB50CC1D70DCC1EEC74736DE76076C07386BF5BBE5A2C770BA0BC78B5EC69C39F8CCED5F6BB05B25F9BB34308FF71D6BAE8740BA773D13AF3EC29B8F6E5D243B7B01E962E6D0D5058C3B34BB7DD82BB5D9AF51D40010D956A9B5DFE6DB356726E804219D9DD7A27F9FFF36E6B57AF2045F1FEE041E6FFEACDC17BDF01E4DFFCD194B4FFB32F1F0FD50779B672BF2FE7DF6C10389A5725E453637D47C29FD02DBCEE0031F95BF69B3D9D16EE274E11B8BBB42D40AE7EFC9B5EFC9FB71CB0E0E02039313CB73D28D2CF35B858D12144FCC64EDE48738F3B83F78E0D12B57665CD8FFF4B5C1CFB1B40AC968FB4FBBDBC51F863552511E18FFFEA5BE9ED8F5F577F544F44E555D39B7F3FCF0A2CB8909C88FEFB6F8D0B6D7F956B160489C3FB530B7F49EC0BDEEDAA2D423754F920AB4999F8498720211BF8ECB04FA2F67F31559C50354ECCF849DCED89B34284A8BAD411CF3474967406109AD2A264A667B1A4E208C748655228D3355931408C40CC897F165F01732A8F00CC4E086346BB82B3AA8FACDFFD7F15C4ECFC6A2D802CBDBF10C26C5DBC57856464DECA7F083B02E6089385B33BE10BC39D6B86495B7546F0C231A33588342DD71DF80BCA60DD6961D232B664C47F70A6970C12270DA32765710B51F964547592B0913DB3BE82F5664F7F30897AAFED2FECE6406D0124F8F26FE93FFC0D014B01246360C1CB7F0C4B010B86069180D507E18AC3C3AA6AA5CF0ECDFA8CC88743154B1F35EA421597BAC981F4EDE5BFE99E8FE88C372D05D017C753E214A3A963B5CB8B2DBBE3335A6F1D10E065DAEBB6FE62DE125C6FAB617A376FDC67E4268D0BA1E7C5BF23877EA337786431909ECCEE8B4F1EEC1B1ECCF3BDB2F59F9FA68057EA9967EEFDBD939BFC78674790E718DB169A7CD9764890A71AF9ACF32F77C63F1B16C293549DFBC9A50F4607F37DED858EACE45367415B10DF71F62828F9F5E80A11BEF9F67FA5F337D7CA575602F8AAC69A88E4DD9A41017CC5DCA67CE4DFE69C4AE71F0CD484A3186A4E07F0372BD7925114D72BEA9DFF5FFD6BD9FC2BD28660CB5A207F5EFDBB108A62B9B016C81F2A56FF8AB7165851F758FDB31648C1CDEFC84231ED1817C6D0FAB42414D5F4FA900414DB86DEBF425BDB908142FFFD77E747C14D790D28B03D477F0AAFBC270705D5B6FACFEFBB01A60414D2D884DAE77713E605165049F30FFFB5599287A269B9F4873F0CB624A250464F153D7F763A2A15C55175F497BFB83633B8302AC6FEF337E34E0715C3F0BD62E79FDC0F4B47FE6D38FACF575C680CCEBDF92FEA9CAFF9A23138EFAFFF9A7FF986B285805CBBB2FBCF370D5E49496E0D1D2870BEE7C08C809C1AB853DD7CDF9D5161B9D470F887279930313887AAFB2A9BA7D9D715983BA55B75CD53DD3A1E9833AB2EFEE1193AAB3293274D25CDF334A52637DA4BEA99E75A32292C275E1BFD4D0FD65ECB4E1E8C3DAA657AF16856600EACBC51C9F4E6CD8AFC44BFFD67F8073D1BB71D18B94BA7FF7881F2A50CC5AC62FB9F17E9381F1CB13DA77F79A141578745EB5CF9F272E79214A796DAA51FDC1A12A505954B7F2C48537C8ED42DFD72244F911971F5377D541B91A9980CD7D52CFD5477694844DAEEFEA4CF4E1D0E8CC6C0A27AA5DF16CD0A8DC4E85BD54AFFBD758378145E9BFE4B22260C088821FF932A95644CFA0608FFFFBFDF7F92FB0FE02D20F4F53FEFFF24B90E602530ECFD3FEBFF24BB17603730E4FE1FFBFF24EC544750B046F4FF91B819B707874AFF3F29A8495A989CFF231507B21622E7FF49C989B485C7FC1F52B32E6FA131FF8F14FD2C7161D95393A4E993CC85A462FE37A91A5C95BA705CBAFF83944DBB31241825F77F91BACEACE48561C5FD9F64A07C287B211873FF379978B72C7DD97BFDA812C9C6F52BF9CB5A7B4D1D9295B70E07676D4915929DBA0466ABA906C9926B0333B5AA02C9D69E1466D800A001888C4D97E4302BD55BF547D66EAA92988DC6BEEA237B530D59CCC2801B0008C28459E11918BA53798461DB9CD0F41DA83B42B1258F69BB527584E34A22D36502082119341D2055F326001094F2BC54A667E38B8A232C5F36E4322DC317EA8DD05CB834302DF7AA8DF0DC4B664A0B806A8D1059084C45D508408234EE54400A46AF551A61BA1E95CFC49DAA3342752A9F49730728016B4968B24A3A0009D8A0F120891ADB5463846C734C4A93D3360280C04D98149E9C9AFA227435394DCA9EEA227CE60427C4114062E060603236A6D416319872303001432E0124126B6604F6DFBABA2216EBF2DAF705806965452CA62D03F4D9C08EAA221E3BAE0AD0014081E906E82B3340888CE9207DD4700480C86CBA31B06F460C01253A172392DB2766001021B301FA64A5A398884F674576FBB20368082051BAB61768079002B317D80773EA8858CDC9AF1D408ACB5EE08B77009D0124626BF6025FE64A0D11B32B197E89334380885AF94C8A7BD77E5441C4EDD194E0DE2DA81F62B720C7BDAA6A01247A1D7706F7BA03F041F510BF0F76027AF359ED90079F65F95FEC9DED6B96E71987351F6262DE4828492020212DD28686B434D82E0612A21F02B65F12A84D6A309618C1578416B4120C98E228CD73752FB2B562EC1BA1765357275A6C3F0406FDB0D90DCBA46C2B436C2D63DD68BBFD037BA473E87CC9F3723FCF7DFDCEF338FE83E7CE791C2479EEEBBC0AA1B185D1010BB4705F60218C30396083116CCE9FADCC0D58612B3EE74BEB14630356986AC5E83C69606AC00E0D189D1F5DCC0C58A20BA7F361F93823039618673B503E6C6162C0165BB03A777A2A1818B04505D705E6CC503BF302D668E75860AE70133818843BC373A48F2D2060909A3EDCCE894966052C3289DBBC030C8EE18DE05C5E01E86050C0261DBC0CB034CDCC0958A519BF97A2892D006096162E0AE11010388643414B30C18C80652670FC9EB007144CB303C7EFC5001302B619C0F27B7C0538CB80806D66F92AF0EE70131098879B82EE4A238700C03C352C09BF1B9D4C07D8A713D3EFCC7666033CB01DD7EF44F52A46033CB08ACB02EFC42626037CB009DB6F67E52883013E185D89EFB7B18DB9002F6CC377BE0204BFF055E06DAC652AC00F6B31FE56FA563314E087D52C08BD15D600802B580C700B755C0504AEA8A8C37A5E0206BFF042F04DEC621EC01BBBF0FE7F1C601CC01B07F0FE063D4C03F883EB826FD0CB30803F7A319F63C0E0188E057FCF1E46013CB207F7AF53C924804F2AB13FCBCB0C02F8E465EC5FB6AC8B3900AF74E1FF321681815B56E17F3753007EE9F6EE7F753B43007E69F7BE1FB4961900CFD43A0F00BF0080EF5F01780700C031BEDF05E0140038C7F589803A7EFEE01DCFAB8158050CEE71BC20B869861F3F7867A6C96D00B80C08C0EF3541CB37F0C307D8B0DC69005EE2670F3037F7924FFF578CF3A307989B1B5FC15BC0007EF1F93EF00E7EF000D7D9E1D17F568102FC178FEB4177F26307F89E9DFEFCEFE33A50C88B2BEFD9FD6C15FE6E0B1F66A2211F5E0D278EDBFD74C3DEFC6F6D61A4212FFF4338B768F6E3B5B43A0B4033230D79FA1FC279BB0568F6E5FFD028330DF9FA9F2DC025AB9F7074C85500069869C8DFFF102E9A2DC080AB004C32D45080FF860B30E9EA3B40861A0AF23F846B560BE0E99BC02D4C3514E6BFDD026C71F42FC029C61A0AF43F5B804F4C7ED0293FFF06E41C2014EEBFD902F8391338C85C43E1FE87F0A9C9020C7AF1BF916300508CFF61E182C50254343A0900BB40A128FFB3982C8093EDA055BC050845FA1FC207060B305AE52200DD4C3614EB7FB6005FDBFBC4DD2E0230C26843D1FE8705830518F1E07F13FF0284E2FD37F93B4085874B8238080C89F86FB1000E0E05577730DC9088FF217CF89DB18FDD516D3E005D0C3724E4BFC10274990F00CB802131FFED15C0FC7AE0A6D58C3724E67F0867BF32F5D1575BFF37E03AC61B12F4DF5C01D6190FC046E61B92F4DF5A0136DAF6BF9FF98664FDCF16E0734B9FBFDF7400A6197048D8FF104E5A2AC0B4E9008C33E190B4FFB60A306ED9FF1E261C92F7DF56017A0C078065A0500AFF4D15C0F272505E038692F89F2DC0552B4FA1C3AEFFDB9971288DFF219C315380ED6603B099218712F91F16CC1460B3D98380B34C3994C87F43BF03CC5A3D1238C69443E9FCCF16E0B28D6731663400C38C3994D07F330518B6E9FF0A2E048392FA6FA500532B4C06A0923987D2FA1FC2291305A83419807A061D4AECBF9102D45BF4BF6A03930EA5F63F5B806FF59FC8068B37847431E9507AFF6D14C0E26AC0B58C3A94C17F1305586BCFFFA1FDCC3A94C3FF6C01BE507F2AFB87CC05602FB30EE5F13F8405F902ECE52F00C0FF8203205F007B7F03700E00CAE5BF81DF0166ADF9BF8B6987F2F99F2DC015ED67B3CB5800DA187728A3FFF205B0763FC01EE61DCAE9BF7A01266DF9BF72868187B2FA2F5E809995A602D0CDC04399FDCFF2BEF003AAE52010E0BFDF02D83A1034CEC843F9FD572E80A9E5C07D8C3CA4E17F08DFC83EA43A4301789E998754FC172E409BA100F432F4908EFFBA05D863C7FFE5354C3DA4E47F08AF6A3EA799E5EC0201FCF75B806E3301E0462048D1FF10BE947C5476B6836F64EE2145FF450B306EC5FF46E61E52F55FB40056BE08DCCDE043BAFE6B16E079230138C0E443CAFE87F099DEF31AB4E1FF500BA30F69FB1F163EFB48ED81D5D8F822902BC1207DFFAFFF0E2057001BD7033433FB1081FF8205D8C67BC080FF7E0B60622D50F53EA61FA2F03F843F6B15A0C5C2FD20BB987E88C4FF8505B102F4F01600E0BFDFDF012CBC09D0C9FCE37FA00005B1936D6080FF0917E0573A8F6E54DFFF2604C0FFB8F858A8008DF201D88A01F84F010A65805D0080FF7E0BA0BF13A01D07F09F02144ABBBAFF2B572301FEC7C76F450A50F120278100FFFD1640FD3CD01A2CC0FF28F9C37B12CF708D780006D100FF2940E188DF0EB0826520F81F2BFF5628404B957400FAF100FF294031689F07FA2122E07FBCFCF278FC0FF230278100FF4BC489F80BD0291D805954C0FF9839B718FBA39CE52410E07FC9381F7D019A8403D0850BF81F7B012E45FE34955F056A4306FC8F9D8B9117A04D38000DD880FF14A0381A380A08F85F4AAE455D00E103815535F880FFF113F74BC135BAEF02D6E103FEE37FB1E8DE12CE3A30FCC7FFA2D92A1B806D1881FFF85F2CBA37048EA004FEE37FB18CC806A00327F03F72FF05160375A8FAFF204EE07FDC682C0653DD0B388614F88FFFC533261A00AE05C57FFC4F80DDA201A8470BFCC7FFE2A9170DC00EBCC07FFC2F9E1DA201780531F01FFF8BE7154DFF1B1103FFF13F0934EF08EEC60CFCC7FF24E8960C40336AE03FFE2741331B8101FF93E3632DFF453703B30D04FFF13F11347782ECC30EFCC7FF24D8A7E87F2B76E03FFE2743AB60007AD003FFF13F19142F08ACC50FFCC7FF64A8150C007702E07F7CFCEE23C947AD7837C03086E07F6CFCE61747E6159FF530FBC000FF13F03F93912C80E256B0177004FFE3F35FB3002F0806A00549F03F42FF250BD0A2E7FF7A24C1FF28FDCF16E047720F7CBD5C0026B004FFA3F2FFD7998C6E0126E402C0AD40F81FABFF8205D0BB1D681D9EE07F3CFCE516FF33991F8B15601D1B4101FF13F35FAE007A7B41073105FFE3F55FAD00837201D8882AF81FB1FF99CC4F950AB051CDFFEA195CC1FF98FDD72AC04CB558009A7005FFE3F63F5B809FEB3CF926B100702F20FEC7EE7FB600A7651EBDDAFD8003D882FFB1FBAF548001768203FE27EC7F26F3AE4A01D436836FC617FC4F9F3F2DE1BF4E01368B05A00161F05FC0FF6C018E4A3CFE06B100F4620CFE2BF8AF52805EB100AC4219FC97F05FA400ABC402308E33F8AFE17FB600021B42C6C502C0B540F8AFE27FE667023F02B1CB81869006FFF13F4986781318F0DFADFF62EF02D7A10DFEE37F92D44905A0126FF01FFF93A4522A005C0C88FFE9F17B83FE8B5D0F780873F01FFF93E4102B4101FF73F13F63D17FB1B5A02FE20EFEE37F92BCC85920C07FB7FE8B9D06E26A60FCC7FF44D1BA2098B340F88FFF89A2751A88A5E0F89F02FFB2EBBFD862F0FD0884FFF89F24FB95FCAF4220FCC7FF64A9120AC07A0CC27FFC4F96F54201E87363CAE222FEE37F59E8E3306084FE9F3FB788FFF85F0E948E03F63BF1FFD2C510EC1500FFA3A45F2800137EFCB75700E3FEBFAEFA7399100AC09823FFAD1500FF2345E9764017FB402E5DBB317FE78EE37F9AFCD383FF521B41F6BAF2DF5201F03F5AF60A05A0DBBEFF9F5CBB7906AD1400FFE3A55B2800079DF96FA500F81F310785023060DEFF4FFF7F0E2D1400FF63664028009BACFB7FE1F649D42F00FE47CD267682C6ECBF7E01F03F6E760B05E0B043FFD50B80FF91735828006D96FDFFFAC2DDE651B9008AFEFFD193FF736D420168B6ECFF07779F48DD02E07FF4340B05608D4FFF750B80FFF1B3462800D34EFD572D00FE0B302D1400B3F7827CF7E15273A95800FC5740E9669061B7FE2B1600FF2518160A40BD5FFFF50A80FF1AD40B05A0C1B1FF6A05C07F1194EE06EBB4E8FF5767739D4FA502E0BF0A9D0440C47FA50228FAFF3797FE4B05A0C1B7FF3A05C07FFE04E09F80B9F0F9D9FCA654A300F8CF3F01F91A3027FF4FE63BA70A05C07FBE06E445A0D2F8AF5000DBFEBF6BCC7FA91781A6F13FFE02E0BF164AAF02AFC1FFE80B80FF62281D0632751CF8EAC942E735E60218F7FFA8BDEFA1948E035B5A0872F54CE1131B6F0114FDFF876BFFA516821CC6FFB80B80FF7A28AD043B84FF511700FF05515A0ABA09FF632E00FE2BA2B416DCCAC52097CF143FB9F11500FF2519100AC041FC8FB700F8AF89D2D560362E07BD7C2A99E98DAB008AFEFF1DFFB52E07DD8BFFB11600FF5551BA1EBC12FF232D00FECB5229148031FDC7FDEDA92467F8C471FCC7FFE218130AC004FE475900FC17668200E8FA1F4701F09F00F03F805CF8E254F2939C7E01F09FFF0110809CFC5F28C52CA75D00FC2700E5E239FC8FAE00F82FCE734201780CFF632B80A2FF3FC1FF9B784C28008F1CD37DCE57164A37D1E91500FFD539F688D29F00F3F81F5501F05F9E79A53F019E3D8DFF311500FFF539FDAC50001E3F8AFF111500FF0D70F471A1003C23BA93F5FD324C76F90B80FF1678FD19A100DCFF16FE475300FC37C15BF70B05E0A137F03F9602E0BF0DDE784828004FBE83FF911440D1FFBFE2FFEDBCF3A450001E785BEF017F53C6092F5F01F0DF0A6F3F201480FBDEC4FF280A80FF6678F33EA1003CF11AFEC75000FCB7C36B4F0805E0E923624FB7FCA694A30082FE2FE4E1FF694FFECF1D795A28004F65F03FFD02E0BF25324F0905E0D1CC31A567FB652AC35EEA02E0BF258E651E150AC0C39979FC4FB900F86F8AF9CCC34201F8C17FD83BB7D7AAD2338C7F431246732524421222124C30A2044D2ED48B1172318A83660CE8302078516FF44E14F44606C6DB61BD90347BE71C7324BB621B5B9A76DA4EDB69E99942A72DCC80507AD142E98D37FD07BAD73E247BADBDD49D64EFACF779BFE7F90BD67AF7F7FBEDF59D658AFCA76B00F26F2B53721E480083324BFE53350022FFFF25FFAFCFAC0C0209E0BEA0EC06FAE2DFA936FA461980FC5BCB8CDC0712C01341D90DF44DCACDBE3106B0CDFF8487FC07CBF20448000F046337D017DFA4DEF01B6100F26F2F8BF2004800B76585FCA76600F26F302B721B6A166089FCA76500F26F314B50B300A72443FE533200F937990CD43A803691ACFA92BE5403403D0D80C8FF3FC8FFDB92156983DA0B20AFB4FFFFBF548440FD0C40FE6DE69540ED05B823DA5702A9E2BF7E0630CEFF94AFFC07B3227790CE03109924FFFB6F00F26F35932248E7010C8BEE85002F5EAA03A11E0620FF869701C830D29160A27A21C08BDF294461EF0620FF96970108D29160574436C9FF3E1B80FC1BCEA608D2A9C0B744C6C9FFFE1A80FC5BCEB8C82D20011C13BD0B01D4F2BF370318E77FCC6FFEB3F91A20DD0CF430FFBC4A7FB2177F528CC4F3A73EF1FF4FF25F6BC6F24578082480B3A27521806AFE776F00F26F7E198020DD0E7C53942E0478F617E558ECCE00E4DFFE3200B90924801BF9E75D27FFFB6500F26F3DEBF93ADC0012C0A7A272210000FFBB3100F9F76119807C0A2480A1FCF3EABB1DECD9FF20E0D8A901C8BFFD4CE72B31042480CEF09723FFFB6200F2EF4126F2A5E80412C040F8DBCDEBAAE1D3E73080ECC40080FC7FAF76FEC7C97F98F9B0160340023822EA16023CFD0E1022CF9F917FF21F5D0620478004D01F3EB0AAAB01BEFC111424B51A80FC7B9199B01AFD4002702DA26B43F0973F06C3A4360320F2FF77F2BFE32CE6ABD182C4BFEBCE3FF19C9E02FEF5CF70A0D46200F2EF49E6F2E5E886124057FE89151D0CFC2F3C526A3000F9F725997C3DBAA00430AA6C1AE0FB060D40FEBD9A04188512C0BDF091351DE16ACF00E4DF9B6C8415B907258041D1B61DC89A01C8BF3F09B70241DD0EEEDC99F09157031AA0510620FF1E6535ACC91928010C878FACEC7E404B0620FF3E65292CCA3094006E89C2DD00760C40FEBD4AB81300EA48C0E29140220B3440430C40FEBDCA42A12C67A10470BAF0CCEA4E05B36100DBFC67C87F2CB385BA9C861240613BA02C073440FD0D80C8FFCFC9FFEEB32C689B019DEB283CB3C24381F00D40FE7DCB4AA1321D50023818EE0652782810BE01C8BF77098F039296835002703D85DF334B03D4D900E4DFBB640BA5E9C1E2DF5D147D678218300020FF3F20FF7B4BE13410B9082680C26E205D6782183000F9F73085D340C0F60239F741E1A9D7031AA08E0620FF3E66BD509D0FC00450D80DA46D3130B8018CF3FF8AAC27A6B010186C2F50693790DE3BC2110DF039F9F732E382B717A8B41B48648D06F0383BE17F81A42767AD58A06130017C2C8A47016900F20F3606281F8309E0AE681E05A401C83FD618A0DC051340712DB0CAB5803400F907CAB400AE04CEE778F1B9E7F5F6AD32DF26A5E45F7B8AEB00E5381AFF6E4474EE082E6721234203907FED29EE0596113801145702A9BA1E28CE3F0D40FED5A7B817186E1D90736DA2792950917F1A80FC632C0392363801B4171F3CA79A7F1AA031FCFF96FCD72B13C53AB5C309E06CE9171E53CD3F0D40FE5567AC54A8B37002E82C3DF9A4BEA2BECA54B6411A80FCEBCD64A9529D7002682D3DB9BE63C1C632D1564803907FB5592995AA154E00A5338134DD119CCC3F0D40FEF5A6D4587BF0F877174A3FB3B25F796CBCBA25D200E45F674A3B81E402A000EE89C6FD4049FCD300E45F694A3B81C0AE06AE3C1140D915A1C9FCD300E45F674A3B81E04E0308D32BFAF6038D4DBCAE3DD200E45F614A3B81A4175000D7CBBFF53C00FF3400F957986CB95ED7010530507E7835FB81A626DED42669803DE6BBE4BFDE992D176C0050004DE5875F84E09F06D847FED7C8764D592E57AC095000AE5B54ED07DA98785BBBA401C8BFAE947602493722FFEE72E9E973F318FCD300E45FD91040AE54B2CB900218D43408B091ABA56DD200E45FE310C020A400DA45CF4A80DAF8A70176CBFF6FC87F035701006E060E7363EB374F5FA5B95ADB270D40FED5646BD7CAB72005D0B1F5ABA77E26C0EB1600D200E45F6F16B6CAD60129007754D49C094003907FB894CF0290A398FCBB4F44CF44200D40FED13257AEDB27A002286F07925C960620FFE47F979380905B81C29C104D13813400F9C79C049413A002E8DC7A03155704D200A9F23F4DFE7739090878206031075AF44C04D200E41F2CE5ADC0D272005400AE6BEBE75FA001C83FB3BB49C02E54FEDD03D133114803907FCC494079002B80E1AD77980B6800F2CFEC661250866105B07528908A89401A80FC234E02421E07544C9FA89A08A401C83FE024A0F4C10AA07C3988AA6BC269807AE487BF26FF0DCDE256FD7A70F97797B65B414003907F66E7938072095800A7B6DBC11A0D40FE995AB3B65DC153C002B822DA26026900F28F3509285780053024EA260269807DE57F9E2CEF711250868005F04EF3F644E03C0D40FE99DA32BF3D09D8FC0EB000DC88CE3E000D40FE517A0023C8FC578E022E053400F9676ACA928D3140E78E55B487791A80FC3335F5002ACA780C5A00D7446B1F800620FF083D00B9062D0077586D1F800620FF003D80A3D8FCBB27A2722D100D40FE215601C9137001F42AEE03D0003BCBCFC8FFFEF700DAC105705714F7016800F2AFBC0700BD0C28CCBB8F34F7016800F2AFBB0770E800B800DC63D57D001A80FCABEE015C42E7DFDDD1DD07A0016AE4FF97E43F8D1EC0557801DCAC6C1B0B3400F967DE9C85CA6A5E8717406B4BC5EB2C073400F967DE98E58A6A36F7C30BC05DA8789FCD800620FFCC1BB35951CE2E7CFE2BF70329ED03D000E45F690FE0BC010154EE0752DA07A001C8BFCA1E00ECB5A095E98BB4908006B0CBFF26F9DF7BA62B2B7AC480002AF703A9ED03D000E45F610FA0DB02FF153704AABA1F800620FF0AB35859D27B260450B91F48C945E13400F9579A8C18DA0954CCC9483B99A101C83FF3BACC448A3A644200EE68E53BCD0534004A3E27FFFB9DB9C810C0411B0218148861401A60F7FC2F91FFFA0F01CA7D1BFCBB8782310C4803907F4D4380E0E7816EA7BF056418900620FF8A86009B3F342200371A692EB33400F96792321BA9EB652BFCBB7382320C4803907F2D438072C78C00EE465BCC1A0DA09EFF9F90FFFDCF9A589C040CD32D083B826880DDF09F25B8F54A641F90F41CB42380DB82330C4803907F0D4380F2C00EFFD12DC1DA8701BD3700F9D7300468622B70391F36475E6DAFAE85CA0000176D4944415425A001C83F13CB8AD89C040C7339F26EB9791A406D7E4AFED3C97CCEE82460983B02350CE8B101C8BF8E21404393806186624747053400F96722998E96F7B429011CEC89BEDD060D40FE99CA6C44CBDBF3AE2901448F0512590D6800F2CF5464355ADF27B6F87727A2AF975BA301C83FB39DB59CDD49C030EF452702756F0AF6D400E43FC52CC62AFC9E3101442E08CA673C4B03907FA69C6CACA15DB0C6BFBB1A6B4393010D40FE9952266325BE6A4E009DB137CC043480A6FC8DFCA7994CACC69DE604E02EC65E71860620FF4C3133B11A5FB4C77F7C31A02C053400F9670A5912CBCB008B39196F491B3400F967C26CC4AB7CD2A0005C57EC2557021A4009FFBF20FFA9662556E52E8BFCBB8FE28D69810620FF4CFC36807C3E32298081F86BAE073400F96782F5789D074C0AC08DC45E13E058000F0C40FED34EEC200091119BFCC74E07C73816C0BC01C87FEA598E17FA9C51011C89BF68264B03907FDF938D2F029223460510DF0F00B31ED8AE0176C0FF1CF96F4CE2AB800DEE03286738FEAAD3010D40FE3DCF74BCD4C3660570ADAA59CDD20029E62BF29F7E66AB6A7DCDAC0062870323AD07B66800F2AF21F155C0C68E038EA6BDAA658DD100E4DFE78C5515BBDDB000FA9A05763DB03503907F1589AF0296E63EC30270A3E89F00660C40FE957E008C5AE6DFF556B7AE800620FFDE66AEAADCBDA60550DD0790291A80FCFB9A29F1AB07E0DC67023E1160C200E45FEB14807C669BFFF845E1500783983100F957928DEA821F332E80A61E039F00E00620FF7A3F007A9A8C0BC0B509F872407803907F2DA95E04286DD6F9AF3E1A10F21300D8005FFDB1E6275F21FFFBFC0160F330C0B72D0540FC04803500F9D7FC01306A9FFFF835A1789B02A10DF007F2AF26D3D5353FE181009A8E57BFF70C0DA08F7F12DAD8CC54D7FC7893070270A78C7C02001A80FCEBFE0038E503FF55B704C27E02C01980FCEBFE00B07823604DA702A07E02801980FC2BFF00B8EC07FFEE8A994F002803907FED1F00573C1140EBA3EA77CF043400F9F72899EAB23F6AF54400EE7C42A39BA401C8BF3F994CA8FB795FF87743096F9FC9D200E4DF9764133E0064C81B01545D1286764D109C01C8BFAE2C27147EC41FFE130E0612C9ADD100E4DF8FACE5122ADFEB9100FA0F25146035A0011AC4FFEFC9BFAAAC2654FE50BF470270B7931ADF140DD090FC87FCEBCA5452E96FFBC4BF3B9D78FB644003907F0FB29454FBD35E09A0FA9E50E0D540BA0D40FEB525690D90E11B4193734C2C4D052A36C00EF85F259BA94D019A3F0B309E038793AAB018D000E4DF7816938A7FF880670248B826107A2A50A901C83FC614A0E90B015FB321E07D73BD507D0620FFFAB29254FDF75BBD13803B93D80E376800F26F391B89E53FE31FFFAEAF25A9129B010D40FE0D6733A9FC2D7D1E0AC0DD17635381CA0C40FE51A600E5BE8FFC271E0D863D15A8CA005F937F9429405F8E028BE7B1589B0A546400F20F3305288FFDE4DF5D4FAC466E810620FF36B390380528D73D1580EB32B920558301BEFE15F9479902942E5FF977B7929BE42C0D40FE2D6636F927B8E5AD009ABA2D8E03A66F00F28F3402D8DDE4AD00DC39B1380E98B601C83FD208A09CF3977FD77128B926633400F9B796B1E4DFE05087C70248BA2710F8A220150620FF4A339DFC23FC9FBDB37989634BE3B0C16E345935A810451151D160907C20F12E14EEA2FD22C60E440904B21837B9BB9080D95C02B97B5F506CDB8F56FA4B6CB8705D0C590D339B99DDC02C87D9CE72FE8B89492693E45A55E7549DEEAA3AE779FE03EBF73EAF5DE73DE7D46D97FDEF18CA5CFD546A748090FC1BFF9349EDEA1032434E37808E9762E56680D83A00FE27148F2D00F2D26DFF3BFA3D7E0254B7E900F86F11558F1F00FD8E37808E5F3CEAF3880E80FFF670E411C32FAEFBDF31EDF11360EF8C0E80FFB670B6E7F10360DAF90670F527022CB9A2B6BD1D40C3FF739C6C2B758F1C36F1BF63282B76EE086E7707C0FFC4E2B10758B243F87FF5C7C23FEE083EA103E0BF0D9C143D82F801FB3F50C8DAFC9EDAAE0E80FFC9A5E1F503A080FD3EDB01537E43687B3BC0BFF03FB15C7825711BF73F32EE7122400EF7E900F89F76F63DF6004B6E1CF73FD1E355AC956D3A00FEA79C8A57143D98FF99B5371E8FA8B94307C0FF9487EFB10758DEAC61FEFF5815AB5F025ADC01F03F8D2F00B28AF75FB899B7BC625BD901F03FC99C7B6591BF89F7FF67C3B3668FE900C6FCAFE063BB39F60C6303EBBFE2C688D8BC1DA8851D00FF938CE7162019B981F55FF3A367D996B7E900F89F52CA9E69FC88F3DF706DD0F35195E800F89F4E4A9E690C5EC3F96FE9F57C5696CC025BD101FEFE2BFEA7710228D28BF1DFD1D92796CF02CD7700FC4FE90450FA3A31FE7B9E3A30BD32DB01F03FA5134091A7F8FE7B16C5F659A0D90E80FF699D00CA22B65F81D7FDA016CD024D7600FC4FEB04909B403DF841AC9F059AEB00F89FDA0920F78078309717EB6781A63A00FEA7760228F9395CD7DD0D64CF2CD04C07C0FFF44E00D903E4C9D28CD83F0B34D101F03FBD13409959C2742F1EB851C9513B00FE279D8A4F240FF0DC9B9FC5815960D40E80FF299E00CACF581E6E1428BBA774804BFE8AFF09E7D4275D4680A14781362D0344E800F89FE60500468001AC4D38F241BBB01D40C3FF1A2EC642C32793092E020C7D2AD0AADD00613B00FE279E925F289C020CA27BC1E7F1350FDCEC00FFF90DFFD3C281CF0E0059E8C6F0209EF855B53D8702F43AC0DFFE84FFE9C0E708C0079EE077306FFD9E6075DBCD0EF0977F5EFAFF47FC4F3A55BF54DE62B70253596756B6353AC0AFFFC0FF14E0B70348B253D8ADC25DDFDA3E72B403C89FF13FF11CF9C67217B795E89CF17B8A161D0BD2EC00F89FF834FD160065867BC01459F72DEFC3133A00FE277201F0D0379775CC56E59EEF83AC6FD301F03F81D47D73B987D7CADC1C74A8C40D7700FC8F8B9A6F2E837C0B50832DFF223FA603E07FD238F60F660BAB7558F17D98361D0C34DB01F03F2E4EFD435CC1692DC6F3FE0B81FB7400FC4F12FBFE0B80F9719CD663CCBFD2CBDB7400FC4F1065FF64C6305A93EB8FFD9FE8391D00FF93C3B97F328FAF63B42ED359FF675AA203E07F5228F927939DC6677D36C4A55140F40E80FF491D00C8063687A07BC0FFA95A753940F40E80FFF125D7F48F66805B00427127232E0D03A37580121EC636002CFA4793B983CBE1E809287ABB4E0544EA00F81F1B012700447A30392437FA021E6D759F0E80FFF1B25F0DC8A6EF062687E54950E1D7B7E900F81F2B8DA070B8062C029BAE5D7D1FAA03E07F7CD482C2D9C4E2282F0133AE157F880E80FFF1711414CE0C2F00D1260159716B3B807E07C0FFF8380E18004A9609408BB703C9DE8EDB1D00FF638C6A4FD802D462BA1E073DE3E299CB1D00FFE3E3AC1894CEE32E0C8E4A212F8E6D07D0E900F81FE300F07D503AF902FE466734D002DBB603A87700FC8FD1FF6A603CA3D86B8257810FBAEC6807C0FF182907C6F30A778D30D927AE6D0852EB00F81F23F5C078FA2671B75DB3406938D801F03F46023700320134C80BA103E07F92380FAEC817786B8CEEE5E0E77DEE5807C0FF18A904D7E33297001864281FFCC42B4E7500FC8F915A7035E687B0D624B75CBC13C7A703E07FB2FD975B386B96D72EAE8A7B7600FC8F91924229BEC6D8F6CF02458E1CE900F81F23470A85C804D03CEF3274005BFF4ADBFCCFBCC357F3CC2A3CF9E6B1031D00FF6324F000F025B3D8DA0A56E800F89F06FFF910688B960116543AC085E51D00FF63E442C5FF0516005AC4544EE1F15B7741C8B71D00FFE34C624FA100DF4C616AABD8523922B767F36F00FC8FF3FFBF8AFFB285A7ADA3479C5C07383DC4FF94BCFFF31990D61E0A5874B303ECD7F13F1DFE2F7204A0A5CC0D2B7500FB4CA9E17FBC1C29F93F3C87A3AD45E16E003BFF571EEFE27F9CFE2B951D7700B49E31576FCBDBC7C2F828A955DD187EB69E4DB52C6A542D987C015380CF80B583CE47740048A2FF8F3AB1B31D0C4DA8E551A172C10415B57A9BE00E9036F12CA396C839B50BD13957ABB6CC33CC6C171B6A91D8775328B49F8662B1F119C0F6717D4531943AF50BD1A82B96DACA75BC6C1F93038AB194199E4104F6CB8A8536C011C0B65218560CA64A0780F0FE5715CB6CB08093EDE5A79C6234EFCFA86308C7D97BC522CBFD8491EDE689E228408A3B54328461A7A858629907F898D83DC1227BC7D432E873BCA75A61EC008E851ED57C9A1CA3016DD48EFF7105408CC3C097AA09B12D1874A92917D74B068031D1B9AC1C52836100E82CFF37944B6BF91A26C6C5DC8C724CD513AA1A5439A92A17561F5780C4C8F484725087A7D435A8F1E50E46851340DC011C2BEFB2CA51310E04C3E33F91EC3A0EC6CBA8725616DE150A2D19FF35D56B8AAF80C7CEAC7A5A7C551782296914D40BFC8B9F7B1A817143000470AE514EAFB02F0174BFD5888CD381E03BFE2B6B14D3E212F62581C9471AA1310C0023CBFF220337712F21DB01163462DB652910BC96FF76350A69661CF392C2789F4670EC0B86ABA9E954515F01EF92C3D0B04E76F5138A1DBEE7A4AE534383D35897A82D81833AE91DB22708BE6347E7F55F46D8009830FA2774F2E380307CCB5153A77EF2DC009438EEBFD14990AF86C0D754B48A277707DF92C71F725A21723C10BEBCFE57F5FCE70040227996D58AB17840E5C3250745ADC2C93EC1B564F254AF0334391A001F2835F5FCDFC2B4A4329AD18A927B8240E7EE9F4F3700730030C13CD40B938DC1CEA3B5F9971B80134FAF669C6C0C761BADCDBF97F4E258B2D9D00C542ABC06B8FBF3BFA25B2D7C0238F1DCD5CD946D81AEB2A3FBF35FEEE257F2E9D14D956900ABFF7C01C42256757395F2093AB8C64959BB4C56712B1DCC6A475B642DD0B5D5BFA27691CC62565A18D30E57CE590B7469F5EF5CBF4298FFA588E719612D10CCADFE49E63956A589D1ACB01608A656FF243B8A53E9E2817E07602D90D53F2FFF1F6054DA789613D602C1C4EA9FE49EE153FA789717D60221FAEA9FE4DF61531AB93F12226CD60259FDFBFEFEBFFBB8944EFA0743C4DDE47080B5FFFE2BCD100531D88F4969657A58C2FC08B8C0151BB908F3EF5F86B9FF3BC51466C2642E0DC601F62DFE374295C24C018BD2CCF840A8D81907B0F8FFE9FB7F7CFF2BE5ACCD870A5EEA6748630F67F5705530BF864169E7DA4AB8ECF7F87688351CED85AB81956BF8937EBA6E874B5FAA5C186805A7D5900570BB0B7BACA03713AE009A7C47D8026ACD70E967B8FECF1A9EE642FE0F605B50DA09B5F5E7E3F6DFA778630FF7074396017786A61AFD5B3FBF6CFF61FB9F550C0D84AD042682CECDFE2EC77F433863173717C3D682D4590C4CE7E25F3D74E48B3731C636965E852E078E07A4F2D77F3374E0AF96F0C5425E842E0829B229206DA3FF62F8B45FE08A9DDCCA862F8AF79C104A1117EFC3279DE5EB9FD6B23E11BE2ED81C9C1ACEEA11629E58C7137B99EA8B501A2C0558FFF22FD23785253633371FA138580AB0FCE55F647E0E47ECA673334A7D48F500C592CC413552BC9B9D18623D63D94835D2602920B92FFF8D48D166F9F88F13DC198E5426CD1A4B01C97CF9AF3523053B7C07371C5908588C542852E41B4209A4548C96EA22AFFFCED0DD23115B00AB8156ADFD7DA0A71B2F1C622B17B15E0E690149D2FF30629CB92D9C706C47C082D002D0FF330B4CFF9D63724522B7004E0A2780E3C8FACBCA243E38C86C2672E554690171EB5F8D1C62661617DCE4D988446F011C128A918BE8FACB089FFE7596C2BC1868016C0E4CE7B6BFCF9B7F0B78E02E9DF70C949094B93A340676CA26B2BBC7E65FB77998335146755A40BBF5AF9BC82DF710039C9F073E3251492C07A66DE9EF92474CFFA0A3B3C74831C9618933026D61BF746826B11E7EFEC3C769C0B099822AD64ED0B3D59CD48A66D21A66F51F3EB3B662A6A6A4D9E00AF196727ADE3414D50A1FFE05D36B811FD703D918D0BAB17FDD544AACFEC1B74CCF9BAA2DA97248A0251C558D45343F4DC5C3B72CDDCD18ABAF22EB81E657FE8AC6E2C9DCE5C31FF07BD6878D9598EC55B839CC2067955D73D90C73F1375CBD16F8D25C9549B3CECE0053AFFE8DA6C1605EB2FA075E3CCF19AC3429D6F8196060EC77683293DC73AA1C7CD602974D561B3F03226FF9AB378D06B2CCEA1FF8D2BD9A355A71FC0C88F0E65F2B9ACD22BBCAC57F1044BFD91F0197A705F91910E69F7FD9740ECBFD543704D3D59B335D7AC50A3B04F576FC558AA633C8F57651DBA044E1AD18A77AC4DE00E52D3F65F3CFFF6D81BA06656E8D982FC1DD0AB706C4F3CF5F64E416350D3AACBD96167058E355C0DFFEFFB677372D6D656100C7A768A8BA1292C024240469427A3194C4109A2C2C64A1D1A2B6422C01218BB8A93B89103722B82E1C508CB73751C9CD4D893B577EAD7E868933B4CC0C9D4E3539E7BEFD7F3BC14D4E9EE7E49CE7BC4D76D1EF9B43D6FEF158D5B0A00F509CFDF7529A3C5C259AF17873996929F128EE5919FCC19A9F6ECA69EDE9CC1CB18C27C9468524A64E1FA022FB85886689633CD5DA878090D7075C93F97F6EF69597FD22F081837F18C7AB6D21E803DC99FD426CB3F317639A4DA62546E8ED959FE7025FF4AB5B898D9B4ECE12BF187F453013103219BDAE0FF7085D767B86D4660D6458FBC3642C1E0BB94603015F2D0EDEC8FDE97F70CC9DFF989CD705219B31F4C740E0B23B34A43766E135318B89AE079457A447AD0F06020A7EFA4756CAD4FE3169CBA569A140DBB30381D14F7F5B450B4E9796895648B05F114ADC9A7DAF750297DDBE79ABA6F52AFB442A246985852AC6B0E39105C22F1D0593FEEFFBFE5B4429E4992ACE0B75DA96EEF213C467BAD556D860F345DEFB845CA9A650EAC2ADF3818751FF85DAB66AA6884F48975F17AAB96D3EA074D4FFFDCABF3CB109255E6F09F5CECD61E7CCF16381CBB3CED03CB7A179B658F9873AB5A8B08761F5BB0EDD2B70D3ED5B864DCD12AD11935069F6C5AAB0CD8539D0EF1C7490F0FA4E1FA89EEFFFDDEA0B4EFD40B5E75A41D8AA7DD5EB9CD9DC0D5C9F757A576D7BDBA1A071DF37EC30530F0BDB5D18D650EFAA2E0E5C9E75F5A1655CD8FFF9C3755EFB815DD69209E110E7F7564FEF7E95DC115C7EEDEA3DEBFEDC299F3A9164D73FEC34158A0947699B56AFDFE97EBE99E0E4E0FAE673B7D3EF5966DB599F351662DF0FECF6ACBC209CA96D98D6E0A137B87B7C6F707D73F790F303CB34DA0EFD780BE567441F1C60AE98168E77DE368C7BD334AF2C6B3018F67ABD7E5FD73B23BADEEF8FFE1C0E06967535FA877BC3689F3BFFF3A48BDCF60DA778594C08A89CFB175F1275705239B01E252D956DFBA953FA83E3543F919A2A7CE2A52F38D37E33407ECA1538E4BE0F38572AB84292CA73147C4F8CC1D9F5C032F5405995BF32953F38DF8CB645B24EDE9646E50F2EB17B42C24ED6F12E51051789EC510F9C5CE5AF1921A2E032EF42EC0C9888D5328FFCC195B24BF3E4EF78E6F74E8923B8D65CF20D493C46E12F49DD1F2EB79F616BC093AC94B8E6175E30A56D93CE8FB55EE7B41F3C6331B8404EFFBA7466919881A7ACB58EA7C9EC5F5279C1453FF0A0F8C755B2FBFF1436E3440ABC2AB25920C7FF5B38C7593F785C3E1826D37F98FD41AAFEF0856C901383FF92C864890BF8C6EC692646D67F13CB3478DB0B3EF37CA7C4D2E0C8426987A7BDE04B33BB4B697F677F7A699797BDE0EB3E20E8DB4383D120D90FFCF63EF9F6C86FC97FF436F99E6F1EF8CBDA4ECE470381686E87EBBD807F4A6D1CF8E0DCE0CAC1468AEF1AF86145A091DBF272F66FE51ACCFA819F0E04EA079E5C1A481FD4F9E9077EC16C24D9F4D4998142331961AB0FF008CBADE0BA076E160EAC075BCB7C9BC0134C358A272E9E0FA44F8A0D8EF60363CD071637F65C381F28EC6D2C32EA0726331FA8052BAE190AA42BC11AA37E60C252D5E261D4D1658140F4B058A5D60F483313D172270EBC4E207192D3222CF2032AFCDE082DAD3BE4D9A1F9F5A550E377BE1340ADD978AD583A2ED8362908148E4BC55A9C521F60673F903AD53EEE55C2CA3A8240B8B2F7513B4D91F98083AA03F19DFA66733B21EDF981E9C47673B3BE1367A60F38D75A3C5BD5CA9BA5834A3436F6A820108B560E4A9B65AD9A8D738417709997F17C550B3DF4066FA2ABE1D8C2D14FBB84C0D1422CBC1A7DF390F321AD9A8FF3382FE0315373EF52F15791FCE96EB5D66AD5AABBA7F9C8AB78EADD1CBB76010000000000000000000000000000000000000000000000000000000000000000000000000000000000000000000000000000000000000000000000000080B7FC016AAF0B8127B66B8B0000000049454E44AE426082, 2)
GO
INSERT [dbo].[Users] ([userID], [userName], [email], [password], [picture], [internalRoleID]) VALUES (3, N'Miss Anum', N'miss_anum@gmail.com', N',./', 0x89504E470D0A1A0A0000000D494844520000040000000400080300000048C3DBB10000001974455874536F667477617265007777772E696E6B73636170652E6F72679BEE3C1A000000097048597300024E8D00024E8D01407A96BC000002DF504C544547704C2CC36C2ECC7129B96627AE6027AE602DCB7029BA662ABB672BC06A29B9662ECC712ECC712ECC712ECC712ECC7127AE602ECC712ECC7127AE6027AE6027AE602ECC712ECC712ABB6727AE6027AE602ECC7127AE6027AE602ECC7127AE602ECC7127AE602ECC7127AE6027AE6027AE602ECC7127AE602BC06A27AE602ECC7127AE6027AE602ECC7127AE602ECC7127AE6027AE6027AE6027AE602ECC7127AE602ECC7127AE6027AE6027AE602ECC712ECC712ECC7127AE6027AE602ECC712ECC7127AE602ECC712ECC712ECC7127AE6027AE6027AE602CC36C27AE6027AE602ECC7127AE6027AE6027AE6027AE6027AE6027AE602ECC712ECC7127AE6027AE6027AE602ECC7127AE602ECC712ECC7127AE602ECC712ECC7127AE602ECC712ECC712ECC7127B06127AE602ECC712ECC712ECC712ECC7127AE6027AE602ECC712ECC712ECC712ECC712ECC712ECC7127AE602ECC7127AE6027AE602ECC712ECC7127AE6027AE602ECC712ECC712ECC712ECC7127AE602ECC7127AE602ECC712ECC7127AE6027AE602ECC712ECC712ECC712ECC712ECC712ECC712ECC712ECC7127AE602ECC712ECC7127AE60ECF0F18DDEB12DC76E28B0617ECBA027B06128B2622ECB702BC06A2CC66D28B4632BC26B2CC46C29B7652DCA702DC86F38CE782ABD6829B6642BBE6929B8662ABA662DC96FEBF0F02ABB6727AF61C2E8D436CE772BB063C0E8D3E1EDE9E8EFEF2CC56D32CD7481DCA9E5EEEC29AF62DEECE728B464C2E8D5C4E8D6D6EAE23FB772D3E9DFDAEBE42FCC725FC1893AB56E45B87639CE792FB1664BBA7BADDBC351BC7F57BF84B2E5CA33B269C7E4D636B36BB7E6CDB2DDC6C7E9D841D07E9FD7B9BAE7CFCCE6DA3CCF7BD0E7DD66C38E91D2AE64D796BFE1D09FE2BDB7DFCAA4D8BCA9E4C4A9DAC055D48C70C79679CA9C6BC59279DBA4BCE0CD5CD59072D99F95E0B6CCEADB4FD388C3E3D38CD0AA74C89983CDA447D18288CFA796D4B22DC86E88DEAE6BD89A4BD2859BD5B5BEE7D229FFFFBAC6E1A0000000F574524E530009FD07FDFA400203010BF7512897A0F41D188B6DDE7AF3102CD273E620C8E3CEEBE0566719FBED0E5BA5289045254C36879A3332DA7F4B7796B59B2315CA2F5A72B87614F0D7BE05C6AEEB6382CE121DC192B2473F7AD94FE53B435FDD5F8F35893C9DBE56E8837D2F38C4AB2C68BBAA48A0A36ED552F2EFEE8CAFB986B554F93AA665E26AD26D6BE1C1BAF0FFFFFFFFFFFFFFFFFFFFFFFFFFFFFFFFFFFFFFFFFFFFFFFFFFFFFFFFFFFFFFFFFFFFFFFFFFFFFFFFFFFFFFFFFFFFFFFFFFFFFFFFFFFFFFFFFFFFFFFFFFFFFFFFFFFFFFFFFFFFFFFFFFFFFFFFFFFFFFFFFFFFFFFFFFFFFFFFFFFFFFFFFFFFFFFFFFFFFFFFFFFFFF07E7B1B58A000020004944415478DAECDDCD4B1CD91A07E0D181F6A3BFB0176DA041C4850441DC880B151475D1E04E171251548811123F10143422D310E34C86E9FFF9DEB95CE6CE9D9924DA76559D53F53C7F42D7FBEBEE3AE73DEFF9E107000000000000000000000000000000000000000000000000000000000000000000000000000000000000000000000000000000000000000000000000000000000000000000000000000000000000000000000000204CC31BCBD595C3DDD2E5DC4FAB7B9F7E6E3517EE3F6ED5EA3333F5DAD6C7FB8566EBE74F7BAB3FCD5D96760F57AACB1BC33E31885BBB512D553EAD7FAC6F4FECDC769FE9766762BBFE71FD53A5546DB47D96108791C6EE6AF3A0BE38B17FD3ED9B9BFD89C5FA417375B731E21386106D1C1EAFD7D6763ADD447576D66AEBC7871B3E6F08C2ABF94A6B6BFB7ABC9BAAF1EBEDAD5665FE95CF1F323236D79C99BCE966EA6672A63937E659408A5EEF9ED73EFCD60DC66F1F6AE7BBAF3D1748D870F5F8647BAA1BA4A9ED93E3AAFD43484463B6559F2C7703579EACB7661B9E16F4CFD0CA2F330FDD883CCCFCB232E4B9C18B8D9616D6C6BB111A5F5B288D7A7ED0FBBFFEE383C9E96EC4A6270F8EBD0FC0B38D9C9DCFEC7773617FE6FC4C07213C55BBD45CBCE9E6CACD62B3E448017CD7D8F9DD783797C6EFCEB50CC1D70DCC1EEC74736DE76076C07386BF5BBE5A2C770BA0BC78B5EC69C39F8CCED5F6BB05B25F9BB34308FF71D6BAE8740BA773D13AF3EC29B8F6E5D243B7B01E962E6D0D5058C3B34BB7DD82BB5D9AF51D40010D956A9B5DFE6DB356726E804219D9DD7A27F9FFF36E6B57AF2045F1FEE041E6FFEACDC17BDF01E4DFFCD194B4FFB32F1F0FD50779B672BF2FE7DF6C10389A5725E453637D47C29FD02DBCEE0031F95BF69B3D9D16EE274E11B8BBB42D40AE7EFC9B5EFC9FB71CB0E0E02039313CB73D28D2CF35B858D12144FCC64EDE48738F3B83F78E0D12B57665CD8FFF4B5C1CFB1B40AC968FB4FBBDBC51F863552511E18FFFEA5BE9ED8F5F577F544F44E555D39B7F3FCF0A2CB8909C88FEFB6F8D0B6D7F956B160489C3FB530B7F49EC0BDEEDAA2D423754F920AB4999F8498720211BF8ECB04FA2F67F31559C50354ECCF849DCED89B34284A8BAD411CF3474967406109AD2A264A667B1A4E208C748655228D3355931408C40CC897F165F01732A8F00CC4E086346BB82B3AA8FACDFFD7F15C4ECFC6A2D802CBDBF10C26C5DBC57856464DECA7F083B02E6089385B33BE10BC39D6B86495B7546F0C231A33588342DD71DF80BCA60DD6961D232B664C47F70A6970C12270DA32765710B51F964547592B0913DB3BE82F5664F7F30897AAFED2FECE6406D0124F8F26FE93FFC0D014B01246360C1CB7F0C4B010B86069180D507E18AC3C3AA6AA5CF0ECDFA8CC88743154B1F35EA421597BAC981F4EDE5BFE99E8FE88C372D05D017C753E214A3A963B5CB8B2DBBE3335A6F1D10E065DAEBB6FE62DE125C6FAB617A376FDC67E4268D0BA1E7C5BF23877EA337786431909ECCEE8B4F1EEC1B1ECCF3BDB2F59F9FA68057EA9967EEFDBD939BFC78674790E718DB169A7CD9764890A71AF9ACF32F77C63F1B16C293549DFBC9A50F4607F37DED858EACE45367415B10DF71F62828F9F5E80A11BEF9F67FA5F337D7CA575602F8AAC69A88E4DD9A41017CC5DCA67CE4DFE69C4AE71F0CD484A3186A4E07F0372BD7925114D72BEA9DFF5FFD6BD9FC2BD28660CB5A207F5EFDBB108A62B9B016C81F2A56FF8AB7165851F758FDB31648C1CDEFC84231ED1817C6D0FAB42414D5F4FA900414DB86DEBF425BDB908142FFFD77E747C14D790D28B03D477F0AAFBC270705D5B6FACFEFBB01A60414D2D884DAE77713E605165049F30FFFB5599287A269B9F4873F0CB624A250464F153D7F763A2A15C55175F497BFB83633B8302AC6FEF337E34E0715C3F0BD62E79FDC0F4B47FE6D38FACF575C680CCEBDF92FEA9CAFF9A23138EFAFFF9A7FF986B285805CBBB2FBCF370D5E49496E0D1D2870BEE7C08C809C1AB853DD7CDF9D5161B9D470F887279930313887AAFB2A9BA7D9D715983BA55B75CD53DD3A1E9833AB2EFEE1193AAB3293274D25CDF334A52637DA4BEA99E75A32292C275E1BFD4D0FD65ECB4E1E8C3DAA657AF16856600EACBC51C9F4E6CD8AFC44BFFD67F8073D1BB71D18B94BA7FF7881F2A50CC5AC62FB9F17E9381F1CB13DA77F79A141578745EB5CF9F272E79214A796DAA51FDC1A12A505954B7F2C48537C8ED42DFD72244F911971F5377D541B91A9980CD7D52CFD5477694844DAEEFEA4CF4E1D0E8CC6C0A27AA5DF16CD0A8DC4E85BD54AFFBD758378145E9BFE4B22260C088821FF932A95644CFA0608FFFFBFDF7F92FB0FE02D20F4F53FEFFF24B90E602530ECFD3FEBFF24BB17603730E4FE1FFBFF24EC544750B046F4FF91B819B707874AFF3F29A8495A989CFF231507B21622E7FF49C989B485C7FC1F52B32E6FA131FF8F14FD2C7161D95393A4E993CC85A462FE37A91A5C95BA705CBAFF83944DBB31241825F77F91BACEACE48561C5FD9F64A07C287B211873FF379978B72C7DD97BFDA812C9C6F52BF9CB5A7B4D1D9295B70E07676D4915929DBA0466ABA906C9926B0333B5AA02C9D69E1466D800A001888C4D97E4302BD55BF547D66EAA92988DC6BEEA237B530D59CCC2801B0008C28459E11918BA53798461DB9CD0F41DA83B42B1258F69BB527584E34A22D36502082119341D2055F326001094F2BC54A667E38B8A232C5F36E4322DC317EA8DD05CB834302DF7AA8DF0DC4B664A0B806A8D1059084C45D508408234EE54400A46AF551A61BA1E95CFC49DAA3342752A9F49730728016B4968B24A3A0009D8A0F120891ADB5463846C734C4A93D3360280C04D98149E9C9AFA227435394DCA9EEA227CE60427C4114062E060603236A6D416319872303001432E0124126B6604F6DFBABA2216EBF2DAF705806965452CA62D03F4D9C08EAA221E3BAE0AD0014081E906E82B3340888CE9207DD4700480C86CBA31B06F460C01253A172392DB2766001021B301FA64A5A398884F674576FBB20368082051BAB61768079002B317D80773EA8858CDC9AF1D408ACB5EE08B77009D0124626BF6025FE64A0D11B32B197E89334380885AF94C8A7BD77E5441C4EDD194E0DE2DA81F62B720C7BDAA6A01247A1D7706F7BA03F041F510BF0F76027AF359ED90079F65F95FEC9DED6B96E71987351F6262DE4828492020212DD28686B434D82E0612A21F02B65F12A84D6A309618C1578416B4120C98E228CD73752FB2B562EC1BA1765357275A6C3F0406FDB0D90DCBA46C2B436C2D63DD68BBFD037BA473E87CC9F3723FCF7DFDCEF338FE83E7CE791C2479EEEBBC0AA1B185D1010BB4705F60218C30396083116CCE9FADCC0D58612B3EE74BEB14630356986AC5E83C69606AC00E0D189D1F5DCC0C58A20BA7F361F93823039618673B503E6C6162C0165BB03A777A2A1818B04505D705E6CC503BF302D668E75860AE70133818843BC373A48F2D2060909A3EDCCE894966052C3289DBBC030C8EE18DE05C5E01E86050C0261DBC0CB034CDCC0958A519BF97A2892D006096162E0AE11010388643414B30C18C80652670FC9EB007144CB303C7EFC5001302B619C0F27B7C0538CB80806D66F92AF0EE70131098879B82EE4A238700C03C352C09BF1B9D4C07D8A713D3EFCC7666033CB01DD7EF44F52A46033CB08ACB02EFC42626037CB009DB6F67E52883013E185D89EFB7B18DB9002F6CC377BE0204BFF055E06DAC652AC00F6B31FE56FA563314E087D52C08BD15D600802B580C700B755C0504AEA8A8C37A5E0206BFF042F04DEC621EC01BBBF0FE7F1C601CC01B07F0FE063D4C03F883EB826FD0CB30803F7A319F63C0E0188E057FCF1E46013CB207F7AF53C924804F2AB13FCBCB0C02F8E465EC5FB6AC8B3900AF74E1FF321681815B56E17F3753007EE9F6EE7F753B43007E69F7BE1FB4961900CFD43A0F00BF0080EF5F01780700C031BEDF05E0140038C7F589803A7EFEE01DCFAB8158050CEE71BC20B869861F3F7867A6C96D00B80C08C0EF3541CB37F0C307D8B0DC69005EE2670F3037F7924FFF578CF3A307989B1B5FC15BC0007EF1F93EF00E7EF000D7D9E1D17F568102FC178FEB4177F26307F89E9DFEFCEFE33A50C88B2BEFD9FD6C15FE6E0B1F66A2211F5E0D278EDBFD74C3DEFC6F6D61A4212FFF4338B768F6E3B5B43A0B4033230D79FA1FC279BB0568F6E5FFD028330DF9FA9F2DC025AB9F7074C85500069869C8DFFF102E9A2DC080AB004C32D45080FF860B30E9EA3B40861A0AF23F846B560BE0E99BC02D4C3514E6BFDD026C71F42FC029C61A0AF43F5B804F4C7ED0293FFF06E41C2014EEBFD902F8391338C85C43E1FE87F0A9C9020C7AF1BF916300508CFF61E182C50254343A0900BB40A128FFB3982C8093EDA055BC050845FA1FC207060B305AE52200DD4C3614EB7FB6005FDBFBC4DD2E0230C26843D1FE8705830518F1E07F13FF0284E2FD37F93B4085874B8238080C89F86FB1000E0E05577730DC9088FF217CF89DB18FDD516D3E005D0C3724E4BFC10274990F00CB802131FFED15C0FC7AE0A6D58C3724E67F0867BF32F5D1575BFF37E03AC61B12F4DF5C01D6190FC046E61B92F4DF5A0136DAF6BF9FF98664FDCF16E0734B9FBFDF7400A6197048D8FF104E5A2AC0B4E9008C33E190B4FFB60A306ED9FF1E261C92F7DF56017A0C078065A0500AFF4D15C0F272505E038692F89F2DC0552B4FA1C3AEFFDB9971288DFF219C315380ED6603B099218712F91F16CC1460B3D98380B34C3994C87F43BF03CC5A3D1238C69443E9FCCF16E0B28D6731663400C38C3994D07F330518B6E9FF0A2E048392FA6FA500532B4C06A0923987D2FA1FC2291305A83419807A061D4AECBF9102D45BF4BF6A03930EA5F63F5B806FF59FC8068B37847431E9507AFF6D14C0E26AC0B58C3A94C17F1305586BCFFFA1FDCC3A94C3FF6C01BE507F2AFB87CC05602FB30EE5F13F8405F902ECE52F00C0FF8203205F007B7F03700E00CAE5BF81DF0166ADF9BF8B6987F2F99F2DC015ED67B3CB5800DA187728A3FFF205B0763FC01EE61DCAE9BF7A01266DF9BF72868187B2FA2F5E809995A602D0CDC04399FDCFF2BEF003AAE52010E0BFDF02D83A1034CEC843F9FD572E80A9E5C07D8C3CA4E17F08DFC83EA43A4301789E998754FC172E409BA100F432F4908EFFBA05D863C7FFE5354C3DA4E47F08AF6A3EA799E5EC0201FCF75B806E3301E0462048D1FF10BE947C5476B6836F64EE2145FF450B306EC5FF46E61E52F55FB40056BE08DCCDE043BAFE6B16E079230138C0E443CAFE87F099DEF31AB4E1FF500BA30F69FB1F163EFB48ED81D5D8F822902BC1207DFFAFFF0E2057001BD7033433FB1081FF8205D8C67BC080FF7E0B60622D50F53EA61FA2F03F843F6B15A0C5C2FD20BB987E88C4FF8505B102F4F01600E0BFDFDF012CBC09D0C9FCE37FA00005B1936D6080FF0917E0573A8F6E54DFFF2604C0FFB8F858A8008DF201D88A01F84F010A65805D0080FF7E0BA0BF13A01D07F09F02144ABBBAFF2B572301FEC7C76F450A50F120278100FFFD1640FD3CD01A2CC0FF28F9C37B12CF708D780006D100FF2940E188DF0EB0826520F81F2BFF5628404B957400FAF100FF294031689F07FA2122E07FBCFCF278FC0FF230278100FF4BC489F80BD0291D805954C0FF9839B718FBA39CE52410E07FC9381F7D019A8403D0850BF81F7B012E45FE34955F056A4306FC8F9D8B9117A04D38000DD880FF14A0381A380A08F85F4AAE455D00E103815535F880FFF113F74BC135BAEF02D6E103FEE37FB1E8DE12CE3A30FCC7FFA2D92A1B806D1881FFF85F2CBA37048EA004FEE37FB18CC806A00327F03F72FF05160375A8FAFF204EE07FDC682C0653DD0B388614F88FFFC533261A00AE05C57FFC4F80DDA201A8470BFCC7FFE2A9170DC00EBCC07FFC2F9E1DA201780531F01FFF8BE7154DFF1B1103FFF13F0934EF08EEC60CFCC7FF24E8960C40336AE03FFE2741331B8101FF93E3632DFF453703B30D04FFF13F11347782ECC30EFCC7FF24D8A7E87F2B76E03FFE2743AB60007AD003FFF13F19142F08ACC50FFCC7FF64A8150C007702E07F7CFCEE23C947AD7837C03086E07F6CFCE61747E6159FF530FBC000FF13F03F93912C80E256B0177004FFE3F35FB3002F0806A00549F03F42FF250BD0A2E7FF7A24C1FF28FDCF16E047720F7CBD5C0026B004FFA3F2FFD7998C6E0126E402C0AD40F81FABFF8205D0BB1D681D9EE07F3CFCE516FF33991F8B15601D1B4101FF13F35FAE007A7B41073105FFE3F55FAD00837201D8882AF81FB1FF99CC4F950AB051CDFFEA195CC1FF98FDD72AC04CB558009A7005FFE3F63F5B809FEB3CF926B100702F20FEC7EE7FB600A7651EBDDAFD8003D882FFB1FBAF548001768203FE27EC7F26F3AE4A01D436836FC617FC4F9F3F2DE1BF4E01368B05A00161F05FC0FF6C018E4A3CFE06B100F4620CFE2BF8AF52805EB100AC4219FC97F05FA400ABC402308E33F8AFE17FB600021B42C6C502C0B540F8AFE27FE667023F02B1CB81869006FFF13F4986781318F0DFADFF62EF02D7A10DFEE37F92D44905A0126FF01FFF93A4522A005C0C88FFE9F17B83FE8B5D0F780873F01FFF93E4102B4101FF73F13F63D17FB1B5A02FE20EFEE37F92BCC85920C07FB7FE8B9D06E26A60FCC7FF44D1BA2098B340F88FFF89A2751A88A5E0F89F02FFB2EBBFD862F0FD0884FFF89F24FB95FCAF4220FCC7FF64A9120AC07A0CC27FFC4F96F54201E87363CAE222FEE37F59E8E3306084FE9F3FB788FFF85F0E948E03F63BF1FFD2C510EC1500FFA3A45F2800137EFCB75700E3FEBFAEFA7399100AC09823FFAD1500FF2345E9764017FB402E5DBB317FE78EE37F9AFCD383FF521B41F6BAF2DF5201F03F5AF60A05A0DBBEFF9F5CBB7906AD1400FFE3A55B2800079DF96FA500F81F310785023060DEFF4FFF7F0E2D1400FF63664028009BACFB7FE1F649D42F00FE47CD267682C6ECBF7E01F03F6E760B05E0B043FFD50B80FF91735828006D96FDFFFAC2DDE651B9008AFEFFD193FF736D420168B6ECFF07779F48DD02E07FF4340B05608D4FFF750B80FFF1B3462800D34EFD572D00FE0B302D1400B3F7827CF7E15273A95800FC5740E9669061B7FE2B1600FF2518160A40BD5FFFF50A80FF1AD40B05A0C1B1FF6A05C07F1194EE06EBB4E8FF5767739D4FA502E0BF0A9D0440C47FA50228FAFF3797FE4B05A0C1B7FF3A05C07FFE04E09F80B9F0F9D9FCA654A300F8CF3F01F91A3027FF4FE63BA70A05C07FBE06E445A0D2F8AF5000DBFEBF6BCC7FA91781A6F13FFE02E0BF164AAF02AFC1FFE80B80FF62281D0632751CF8EAC942E735E60218F7FFA8BDEFA1948E035B5A0872F54CE1131B6F0114FDFF876BFFA516821CC6FFB80B80FF7A28AD043B84FF511700FF05515A0ABA09FF632E00FE2BA2B416DCCAC52097CF143FB9F11500FF2519100AC041FC8FB700F8AF89D2D560362E07BD7C2A99E98DAB008AFEFF1DFFB52E07DD8BFFB11600FF5551BA1EBC12FF232D00FECB5229148031FDC7FDEDA92467F8C471FCC7FFE218130AC004FE475900FC17668200E8FA1F4701F09F00F03F805CF8E254F2939C7E01F09FFF0110809CFC5F28C52CA75D00FC2700E5E239FC8FAE00F82FCE734201780CFF632B80A2FF3FC1FF9B784C28008F1CD37DCE57164A37D1E91500FFD539F688D29F00F3F81F5501F05F9E79A53F019E3D8DFF311500FFF539FDAC50001E3F8AFF111500FF0D70F471A1003C23BA93F5FD324C76F90B80FF1678FD19A100DCFF16FE475300FC37C15BF70B05E0A137F03F9602E0BF0DDE784828004FBE83FF911440D1FFBFE2FFEDBCF3A450001E785BEF017F53C6092F5F01F0DF0A6F3F201480FBDEC4FF280A80FF6678F33EA1003CF11AFEC75000FCB7C36B4F0805E0E923624FB7FCA694A30082FE2FE4E1FF694FFECF1D795A28004F65F03FFD02E0BF25324F0905E0D1CC31A567FB652AC35EEA02E0BF258E651E150AC0C39979FC4FB900F86F8AF9CCC34201F8C17FD83BB7D7AAD2338C7F431246732524421222124C30A2044D2ED48B1172318A83660CE8302078516FF44E14F44606C6DB61BD90347BE71C7324BB621B5B9A76DA4EDB69E99942A72DCC80507AD142E98D37FD07BAD73E247BADBDD49D64EFACF779BFE7F90BD67AF7F7FBEDF59D658AFCA76B00F26F2B53721E480083324BFE53350022FFFF25FFAFCFAC0C0209E0BEA0EC06FAE2DFA936FA461980FC5BCB8CDC0712C01341D90DF44DCACDBE3106B0CDFF8487FC07CBF20448000F046337D017DFA4DEF01B6100F26F2F8BF2004800B76585FCA76600F26F302B721B6A166089FCA76500F26F314B50B300A72443FE533200F937990CD43A803691ACFA92BE5403403D0D80C8FF3FC8FFDB92156983DA0B20AFB4FFFFBF548440FD0C40FE6DE69540ED05B823DA5702A9E2BF7E0630CEFF94AFFC07B3227790CE03109924FFFB6F00F26F35932248E7010C8BEE85002F5EAA03A11E0620FF869701C830D29160A27A21C08BDF294461EF0620FF96970108D29160574436C9FF3E1B80FC1BCEA608D2A9C0B744C6C9FFFE1A80FC5BCEB8C82D20011C13BD0B01D4F2BF370318E77FCC6FFEB3F91A20DD0CF430FFBC4A7FB2177F528CC4F3A73EF1FF4FF25F6BC6F24578082480B3A27521806AFE776F00F26F7E198020DD0E7C53942E0478F617E558ECCE00E4DFFE3200B90924801BF9E75D27FFFB6500F26F3DEBF93ADC0012C0A7A272210000FFBB3100F9F76119807C0A2480A1FCF3EABB1DECD9FF20E0D8A901C8BFFD4CE72B31042480CEF09723FFFB6200F2EF4126F2A5E80412C040F8DBCDEBAAE1D3E73080ECC40080FC7FAF76FEC7C97F98F9B0160340023822EA16023CFD0E1022CF9F917FF21F5D0620478004D01F3EB0AAAB01BEFC111424B51A80FC7B9199B01AFD4002702DA26B43F0973F06C3A4360320F2FF77F2BFE32CE6ABD182C4BFEBCE3FF19C9E02FEF5CF70A0D46200F2EF49E6F2E5E886124057FE89151D0CFC2F3C526A3000F9F725997C3DBAA00430AA6C1AE0FB060D40FEBD9A04188512C0BDF091351DE16ACF00E4DF9B6C8415B907258041D1B61DC89A01C8BF3F09B70241DD0EEEDC99F09157031AA0510620FF1E6535ACC91928010C878FACEC7E404B0620FF3E65292CCA3094006E89C2DD00760C40FEBD4AB81300EA48C0E29140220B3440430C40FEBDCA42A12C67A10470BAF0CCEA4E05B36100DBFC67C87F2CB385BA9C861240613BA02C073440FD0D80C8FFCFC9FFEEB32C689B019DEB283CB3C24381F00D40FE7DCB4AA1321D50023818EE0652782810BE01C8BF77098F039296835002703D85DF334B03D4D900E4DFBB640BA5E9C1E2DF5D147D678218300020FF3F20FF7B4BE13410B9082680C26E205D6782183000F9F73085D340C0F60239F741E1A9D7031AA08E0620FF3E66BD509D0FC00450D80DA46D3130B8018CF3FF8AAC27A6B010186C2F50693790DE3BC2110DF039F9F732E382B717A8B41B48648D06F0383BE17F81A42767AD58A06130017C2C8A47016900F20F3606281F8309E0AE681E05A401C83FD618A0DC051340712DB0CAB5803400F907CAB400AE04CEE778F1B9E7F5F6AD32DF26A5E45F7B8AEB00E5381AFF6E4474EE082E6721234203907FED29EE0596113801145702A9BA1E28CE3F0D40FED5A7B817186E1D90736DA2792950917F1A80FC632C0392363801B4171F3CA79A7F1AA031FCFF96FCD72B13C53AB5C309E06CE9171E53CD3F0D40FE5567AC54A8B37002E82C3DF9A4BEA2BECA54B6411A80FCEBCD64A9529D7002682D3DB9BE63C1C632D1564803907FB5592995AA154E00A5338134DD119CCC3F0D40FEF5A6D4587BF0F877174A3FB3B25F796CBCBA25D200E45F674A3B81E402A000EE89C6FD4049FCD300E45F694A3B81C0AE06AE3C1140D915A1C9FCD300E45F674A3B81E04E0308D32BFAF6038D4DBCAE3DD200E45F614A3B81A4175000D7CBBFF53C00FF3400F957986CB95ED7010530507E7835FB81A626DED42669803DE6BBE4BFDE992D176C0050004DE5875F84E09F06D847FED7C8764D592E57AC095000AE5B54ED07DA98785BBBA401C8BFAE947602493722FFEE72E9E973F318FCD300E45FD91040AE54B2CB900218D43408B091ABA56DD200E45FE310C020A400DA45CF4A80DAF8A70176CBFF6FC87F035701006E060E7363EB374F5FA5B95ADB270D40FED5646BD7CAB72005D0B1F5ABA77E26C0EB1600D200E45F6F16B6CAD60129007754D49C094003907FB894CF0290A398FCBB4F44CF44200D40FED13257AEDB27A002286F07925C960620FFE47F979380905B81C29C104D13813400F9C79C049413A002E8DC7A03155704D200A9F23F4DFE7739090878206031075AF44C04D200E41F2CE5ADC0D272005400AE6BEBE75FA001C83FB3BB49C02E54FEDD03D133114803907FCC494079002B80E1AD77980B6800F2CFEC661250866105B07528908A89401A80FC234E02421E07544C9FA89A08A401C83FE024A0F4C10AA07C3988AA6BC269807AE487BF26FF0DCDE256FD7A70F97797B65B414003907F66E7938072095800A7B6DBC11A0D40FE995AB3B65DC153C002B822DA26026900F28F3509285780053024EA260269807DE57F9E2CEF711250868005F04EF3F644E03C0D40FE99DA32BF3D09D8FC0EB000DC88CE3E000D40FE517A0023C8FC578E022E053400F9676ACA928D3140E78E55B487791A80FC3335F5002ACA780C5A00D7446B1F800620FF083D00B9062D0077586D1F800620FF003D80A3D8FCBB27A2722D100D40FE215601C9137001F42AEE03D0003BCBCFC8FFFEF700DAC105705714F7016800F2AFBC0700BD0C28CCBB8F34F7016800F2AFBB0770E800B800DC63D57D001A80FCABEE015C42E7DFDDD1DD07A0016AE4FF97E43F8D1EC0557801DCAC6C1B0B3400F967DE9C85CA6A5E8717406B4BC5EB2C073400F967DE98E58A6A36F7C30BC05DA8789FCD800620FFCC1BB35951CE2E7CFE2BF70329ED03D000E45F690FE0BC010154EE0752DA07A001C8BFCA1E00ECB5A095E98BB4908006B0CBFF26F9DF7BA62B2B7AC480002AF703A9ED03D000E45F610FA0DB02FF153704AABA1F800620FF0AB35859D27B260450B91F48C945E13400F9579A8C18DA0954CCC9483B99A101C83FF3BACC448A3A644200EE68E53BCD0534004A3E27FFFB9DB9C810C0411B0218148861401A60F7FC2F91FFFA0F01CA7D1BFCBB8782310C4803907F4D4380E0E7816EA7BF056418900620FF8A86009B3F342200371A692EB33400F96792321BA9EB652BFCBB7382320C4803907F2D438072C78C00EE465BCC1A0DA09EFF9F90FFFDCF9A589C040CD32D083B826880DDF09F25B8F54A641F90F41CB42380DB82330C4803907F0D4380F2C00EFFD12DC1DA8701BD3700F9D7300468622B70391F36475E6DAFAE85CA0000176D4944415425A001C83F13CB8AD89C040C7339F26EB9791A406D7E4AFED3C97CCEE82460983B02350CE8B101C8BF8E21404393806186624747053400F96722998E96F7B429011CEC89BEDD060D40FE99CA6C44CBDBF3AE2901448F0512590D6800F2CF5464355ADF27B6F87727A2AF975BA301C83FB39DB59CDD49C030EF452702756F0AF6D400E43FC52CC62AFC9E3101442E08CA673C4B03907FA69C6CACA15DB0C6BFBB1A6B4393010D40FE9952266325BE6A4E009DB137CC043480A6FC8DFCA7994CACC69DE604E02EC65E71860620FF4C3133B11A5FB4C77F7C31A02C053400F9670A5912CBCB008B39196F491B3400F967C26CC4AB7CD2A0005C57EC2557021A4009FFBF20FFA9662556E52E8BFCBB8FE28D69810620FF4CFC36807C3E32298081F86BAE073400F96782F5789D074C0AC08DC45E13E058000F0C40FED34EEC200091119BFCC74E07C73816C0BC01C87FEA598E17FA9C51011C89BF68264B03907FDF938D2F029223460510DF0F00B31ED8AE0176C0FF1CF96F4CE2AB800DEE03286738FEAAD3010D40FE3DCF74BCD4C3660570ADAA59CDD20029E62BF29F7E66AB6A7DCDAC0062870323AD07B66800F2AF21F155C0C68E038EA6BDAA658DD100E4DFE78C5515BBDDB000FA9A05763DB03503907F1589AF0296E63EC30270A3E89F00660C40FE957E008C5AE6DFF556B7AE800620FFDE66AEAADCBDA60550DD0790291A80FCFB9A29F1AB07E0DC67023E1160C200E45FEB14807C669BFFF845E1500783983100F957928DEA821F332E80A61E039F00E00620FF7A3F007A9A8C0BC0B509F872407803907F2DA95E04286DD6F9AF3E1A10F21300D8005FFDB1E6275F21FFFBFC0160F330C0B72D0540FC04803500F9D7FC01306A9FFFF835A1789B02A10DF007F2AF26D3D5353FE181009A8E57BFF70C0DA08F7F12DAD8CC54D7FC7893070270A78C7C02001A80FCEBFE0038E503FF55B704C27E02C01980FCEBFE00B07823604DA702A07E02801980FC2BFF00B8EC07FFEE8A994F002803907FED1F00573C1140EBA3EA77CF043400F9F72899EAB23F6AF54400EE7C42A39BA401C8BF3F994CA8FB795FF87743096F9FC9D200E4DF9764133E0064C81B01545D1286764D109C01C8BFAE2C27147EC41FFE130E0612C9ADD100E4DF8FACE5122ADFEB9100FA0F25146035A0011AC4FFEFC9BFAAAC2654FE50BF470270B7931ADF140DD090FC87FCEBCA5452E96FFBC4BF3B9D78FB644003907F0FB29454FBD35E09A0FA9E50E0D540BA0D40FEB525690D90E11B4193734C2C4D052A36C00EF85F259BA94D019A3F0B309E038793AAB018D000E4DF7816938A7FF880670248B826107A2A50A901C83FC614A0E90B015FB321E07D73BD507D0620FFFAB29254FDF75BBD13803B93D80E376800F26F391B89E53FE31FFFAEAF25A9129B010D40FE0D6733A9FC2D7D1E0AC0DD17635381CA0C40FE51A600E5BE8FFC271E0D863D15A8CA005F937F9429405F8E028BE7B1589B0A546400F20F3305288FFDE4DF5D4FAC466E810620FF36B390380528D73D1580EB32B920558301BEFE15F9479902942E5FF977B7929BE42C0D40FE2D6636F927B8E5AD009ABA2D8E03A66F00F28F3402D8DDE4AD00DC39B1380E98B601C83FD208A09CF3977FD77128B926633400F9B796B1E4DFE05087C70248BA2710F8A220150620FF4A339DFC23FC9FBDB37989634BE3B0C16E345935A810451151D160907C20F12E14EEA2FD22C60E440904B21837B9BB9080D95C02B97B5F506CDB8F56FA4B6CB8705D0C590D339B99DDC02C87D9CE72FE8B89492693E45A55E7549DEEAA3AE779FE03EBF73EAF5DE73DE7D46D97FDEF18CA5CFD546A748090FC1BFF9349EDEA1032434E37808E9762E56680D83A00FE27148F2D00F2D26DFF3BFA3D7E0254B7E900F86F11558F1F00FD8E37808E5F3CEAF3880E80FFF670E411C32FAEFBDF31EDF11360EF8C0E80FFB670B6E7F10360DAF90670F527022CB9A2B6BD1D40C3FF739C6C2B758F1C36F1BF63282B76EE086E7707C0FFC4E2B10758B243F87FF5C7C23FEE083EA103E0BF0D9C143D82F801FB3F50C8DAFC9EDAAE0E80FFC9A5E1F503A080FD3EDB01537E43687B3BC0BFF03FB15C7825711BF73F32EE7122400EF7E900F89F76F63DF6004B6E1CF73FD1E355AC956D3A00FEA79C8A57143D98FF99B5371E8FA8B94307C0FF9487EFB10758DEAC61FEFF5815AB5F025ADC01F03F8D2F00B28AF75FB899B7BC625BD901F03FC99C7B6591BF89F7FF67C3B3668FE900C6FCAFE063BB39F60C6303EBBFE2C688D8BC1DA8851D00FF938CE7162019B981F55FF3A367D996B7E900F89F52CA9E69FC88F3DF706DD0F35195E800F89F4E4A9E690C5EC3F96FE9F57C5696CC025BD101FEFE2BFEA7710228D28BF1DFD1D92796CF02CD7700FC4FE90450FA3A31FE7B9E3A30BD32DB01F03FA5134091A7F8FE7B16C5F659A0D90E80FF699D00CA22B65F81D7FDA016CD024D7600FC4FEB04909B403DF841AC9F059AEB00F89FDA0920F78078309717EB6781A63A00FEA7760228F9395CD7DD0D64CF2CD04C07C0FFF44E00D903E4C9D28CD83F0B34D101F03FBD13409959C2742F1EB851C9513B00FE279D8A4F240FF0DC9B9FC5815960D40E80FF299E00CACF581E6E1428BBA774804BFE8AFF09E7D4275D4680A14781362D0344E800F89FE60500468001AC4D38F241BBB01D40C3FF1A2EC642C32793092E020C7D2AD0AADD00613B00FE279E925F289C020CA27BC1E7F1350FDCEC00FFF90DFFD3C281CF0E0059E8C6F0209EF855B53D8702F43AC0DFFE84FFE9C0E708C0079EE077306FFD9E6075DBCD0EF0977F5EFAFF47FC4F3A55BF54DE62B70253596756B6353AC0AFFFC0FF14E0B70348B253D8ADC25DDFDA3E72B403C89FF13FF11CF9C67217B795E89CF17B8A161D0BD2EC00F89FF834FD160065867BC01459F72DEFC3133A00FE277201F0D0379775CC56E59EEF83AC6FD301F03F81D47D73B987D7CADC1C74A8C40D7700FC8F8B9A6F2E837C0B50832DFF223FA603E07FD238F60F660BAB7558F17D98361D0C34DB01F03F2E4EFD435CC1692DC6F3FE0B81FB7400FC4F12FBFE0B80F9719CD663CCBFD2CBDB7400FC4F1065FF64C6305A93EB8FFD9FE8391D00FF93C3B97F328FAF63B42ED359FF675AA203E07F5228F927939DC6677D36C4A55140F40E80FF491D00C8063687A07BC0FFA95A753940F40E80FFF125D7F48F66805B00427127232E0D03A37580121EC636002CFA4793B983CBE1E809287ABB4E0544EA00F81F1B012700447A30392437FA021E6D759F0E80FFF1B25F0DC8A6EF062687E54950E1D7B7E900F81F2B8DA070B8062C029BAE5D7D1FAA03E07F7CD482C2D9C4E2282F0133AE157F880E80FFF1711414CE0C2F00D1260159716B3B807E07C0FFF8380E18004A9609408BB703C9DE8EDB1D00FF638C6A4FD802D462BA1E073DE3E299CB1D00FFE3E3AC1894CEE32E0C8E4A212F8E6D07D0E900F81FE300F07D503AF902FE466734D002DBB603A87700FC8FD1FF6A603CA3D86B8257810FBAEC6807C0FF182907C6F30A778D30D927AE6D0852EB00F81F23F5C078FA2671B75DB3406938D801F03F46023700320134C80BA103E07F92380FAEC817786B8CEEE5E0E77DEE5807C0FF18A904D7E33297001864281FFCC42B4E7500FC8F915A7035E687B0D624B75CBC13C7A703E07FB2FD975B386B96D72EAE8A7B7600FC8F91924229BEC6D8F6CF02458E1CE900F81F23470A85C804D03CEF3274005BFF4ADBFCCFBCC357F3CC2A3CF9E6B1031D00FF6324F000F025B3D8DA0A56E800F89F06FFF910688B960116543AC085E51D00FF63E442C5FF0516005AC4544EE1F15B7741C8B71D00FFE34C624FA100DF4C616AABD8523922B767F36F00FC8FF3FFBF8AFFB285A7ADA3479C5C07383DC4FF94BCFFF31990D61E0A5874B303ECD7F13F1DFE2F7204A0A5CC0D2B7500FB4CA9E17FBC1C29F93F3C87A3AD45E16E003BFF571EEFE27F9CFE2B951D7700B49E31576FCBDBC7C2F828A955DD187EB69E4DB52C6A542D987C015380CF80B583CE47740048A2FF8F3AB1B31D0C4DA8E551A172C10415B57A9BE00E9036F12CA396C839B50BD13957ABB6CC33CC6C171B6A91D8775328B49F8662B1F119C0F6717D4531943AF50BD1A82B96DACA75BC6C1F93038AB194199E4104F6CB8A8536C011C0B65218560CA64A0780F0FE5715CB6CB08093EDE5A79C6234EFCFA86308C7D97BC522CBFD8491EDE689E228408A3B54328461A7A858629907F898D83DC1227BC7D432E873BCA75A61EC008E851ED57C9A1CA3016DD48EFF7105408CC3C097AA09B12D1874A92917D74B068031D1B9AC1C52836100E82CFF37944B6BF91A26C6C5DC8C724CD513AA1A5439A92A17561F5780C4C8F484725087A7D435A8F1E50E46851340DC011C2BEFB2CA51310E04C3E33F91EC3A0EC6CBA8725616DE150A2D19FF35D56B8AAF80C7CEAC7A5A7C551782296914D40BFC8B9F7B1A817143000470AE514EAFB02F0174BFD5888CD381E03BFE2B6B14D3E212F62581C9471AA1310C0023CBFF220337712F21DB01163462DB652910BC96FF76350A69661CF392C2789F4670EC0B86ABA9E954515F01EF92C3D0B04E76F5138A1DBEE7A4AE534383D35897A82D81833AE91DB22708BE6347E7F55F46D8009830FA2774F2E380307CCB5153A77EF2DC009438EEBFD14990AF86C0D754B48A277707DF92C71F725A21723C10BEBCFE57F5FCE70040227996D58AB17840E5C3250745ADC2C93EC1B564F254AF0334391A001F2835F5FCDFC2B4A4329AD18A927B8240E7EE9F4F3700730030C13CD40B938DC1CEA3B5F9971B80134FAF669C6C0C761BADCDBF97F4E258B2D9D00C542ABC06B8FBF3BFA25B2D7C0238F1DCD5CD946D81AEB2A3FBF35FEEE257F2E9D14D956900ABFF7C01C42256757395F2093AB8C64959BB4C56712B1DCC6A475B642DD0B5D5BFA27691CC62565A18D30E57CE590B7469F5EF5CBF4298FFA588E719612D10CCADFE49E63956A589D1ACB01608A656FF243B8A53E9E2817E07602D90D53F2FFF1F6054DA789613D602C1C4EA9FE49EE153FA789717D60221FAEA9FE4DF61531AB93F12226CD60259FDFBFEFEBFFBB8944EFA0743C4DDE47080B5FFFE2BCD100531D88F4969657A58C2FC08B8C0151BB908F3EF5F86B9FF3BC51466C2642E0DC601F62DFE374295C24C018BD2CCF840A8D81907B0F8FFE9FB7F7CFF2BE5ACCD870A5EEA6748630F67F5705530BF864169E7DA4AB8ECF7F87688351CED85AB81956BF8937EBA6E874B5FAA5C186805A7D5900570BB0B7BACA03713AE009A7C47D8026ACD70E967B8FECF1A9EE642FE0F605B50DA09B5F5E7E3F6DFA778630FF7074396017786A61AFD5B3FBF6CFF61FB9F550C0D84AD042682CECDFE2EC77F433863173717C3D682D4590C4CE7E25F3D74E48B3731C636965E852E078E07A4F2D77F3374E0AF96F0C5425E842E0829B229206DA3FF62F8B45FE08A9DDCCA862F8AF79C104A1117EFC3279DE5EB9FD6B23E11BE2ED81C9C1ACEEA11629E58C7137B99EA8B501A2C0558FFF22FD23785253633371FA138580AB0FCE55F647E0E47ECA673334A7D48F500C592CC413552BC9B9D18623D63D94835D2602920B92FFF8D48D166F9F88F13DC198E5426CD1A4B01C97CF9AF3523053B7C07371C5908588C542852E41B4209A4548C96EA22AFFFCED0DD23115B00AB8156ADFD7DA0A71B2F1C622B17B15E0E690149D2FF30629CB92D9C706C47C082D002D0FF330B4CFF9D63724522B7004E0A2780E3C8FACBCA243E38C86C2672E554690171EB5F8D1C62661617DCE4D988446F011C128A918BE8FACB089FFE7596C2BC1868016C0E4CE7B6BFCF9B7F0B78E02E9DF70C949094B93A340676CA26B2BBC7E65FB77998335146755A40BBF5AF9BC82DF710039C9F073E3251492C07A66DE9EF92474CFFA0A3B3C74831C9618933026D61BF746826B11E7EFEC3C769C0B099822AD64ED0B3D59CD48A66D21A66F51F3EB3B662A6A6A4D9E00AF196727ADE3414D50A1FFE05D36B811FD703D918D0BAB17FDD544AACFEC1B74CCF9BAA2DA97248A0251C558D45343F4DC5C3B72CDDCD18ABAF22EB81E657FE8AC6E2C9DCE5C31FF07BD6878D9598EC55B839CC2067955D73D90C73F1375CBD16F8D25C9549B3CECE0053AFFE8DA6C1605EB2FA075E3CCF19AC3429D6F8196060EC77683293DC73AA1C7CD602974D561B3F03226FF9AB378D06B2CCEA1FF8D2BD9A355A71FC0C88F0E65F2B9ACD22BBCAC57F1044BFD91F0197A705F91910E69F7FD9740ECBFD543704D3D59B335D7AC50A3B04F576FC558AA633C8F57651DBA044E1AD18A77AC4DE00E52D3F65F3CFFF6D81BA06656E8D982FC1DD0AB706C4F3CF5F64E416350D3AACBD96167058E355C0DFFEFFB677372D6D656100C7A768A8BA1292C024240469427A3194C4109A2C2C64A1D1A2B6422C01218BB8A93B89103722B82E1C508CB73751C9CD4D893B577EAD7E868933B4CC0C9D4E3539E7BEFD7F3BC14D4E9EE7E49CE7BC4D76D1EF9B43D6FEF158D5B0A00F509CFDF7529A3C5C259AF17873996929F128EE5919FCC19A9F6ECA69EDE9CC1CB18C27C9468524A64E1FA022FB85886689633CD5DA878090D7075C93F97F6EF69597FD22F081837F18C7AB6D21E803DC99FD426CB3F317639A4DA62546E8ED959FE7025FF4AB5B898D9B4ECE12BF187F453013103219BDAE0FF7085D767B86D4660D6458FBC3642C1E0BB94603015F2D0EDEC8FDE97F70CC9DFF989CD705219B31F4C740E0B23B34A43766E135318B89AE079457A447AD0F06020A7EFA4756CAD4FE3169CBA569A140DBB30381D14F7F5B450B4E9796895648B05F114ADC9A7DAF750297DDBE79ABA6F52AFB442A246985852AC6B0E39105C22F1D0593FEEFFBFE5B4429E4992ACE0B75DA96EEF213C467BAD556D860F345DEFB845CA9A650EAC2ADF3818751FF85DAB66AA6884F48975F17AAB96D3EA074D4FFFDCABF3CB109255E6F09F5CECD61E7CCF16381CBB3CED03CB7A179B658F9873AB5A8B08761F5BB0EDD2B70D3ED5B864DCD12AD11935069F6C5AAB0CD8539D0EF1C7490F0FA4E1FA89EEFFFDDEA0B4EFD40B5E75A41D8AA7DD5EB9CD9DC0D5C9F757A576D7BDBA1A071DF37EC30530F0BDB5D18D650EFAA2E0E5C9E75F5A1655CD8FFF9C3755EFB815DD69209E110E7F7564FEF7E95DC115C7EEDEA3DEBFEDC299F3A9164D73FEC34158A0947699B56AFDFE97EBE99E0E4E0FAE673B7D3EF5966DB599F351662DF0FECF6ACBC209CA96D98D6E0A137B87B7C6F707D73F790F303CB34DA0EFD780BE567441F1C60AE98168E77DE368C7BD334AF2C6B3018F67ABD7E5FD73B23BADEEF8FFE1C0E06967535FA877BC3689F3BFFF3A48BDCF60DA778594C08A89CFB175F1275705239B01E252D956DFBA953FA83E3543F919A2A7CE2A52F38D37E33407ECA1538E4BE0F38572AB84292CA73147C4F8CC1D9F5C032F5405995BF32953F38DF8CB645B24EDE9646E50F2EB17B42C24ED6F12E51051789EC510F9C5CE5AF1921A2E032EF42EC0C9888D5328FFCC195B24BF3E4EF78E6F74E8923B8D65CF20D493C46E12F49DD1F2EB79F616BC093AC94B8E6175E30A56D93CE8FB55EE7B41F3C6331B8404EFFBA7466919881A7ACB58EA7C9EC5F5279C1453FF0A0F8C755B2FBFF1436E3440ABC2AB25920C7FF5B38C7593F785C3E1826D37F98FD41AAFEF0856C901383FF92C864890BF8C6EC692646D67F13CB3478DB0B3EF37CA7C4D2E0C8426987A7BDE04B33BB4B697F677F7A699797BDE0EB3E20E8DB4383D120D90FFCF63EF9F6C86FC97FF436F99E6F1EF8CBDA4ECE470381686E87EBBD807F4A6D1CF8E0DCE0CAC1468AEF1AF86145A091DBF272F66FE51ACCFA819F0E04EA079E5C1A481FD4F9E9077EC16C24D9F4D4998142331961AB0FF008CBADE0BA076E160EAC075BCB7C9BC0134C358A272E9E0FA44F8A0D8EF60363CD071637F65C381F28EC6D2C32EA0726331FA8052BAE190AA42BC11AA37E60C252D5E261D4D1658140F4B058A5D60F483313D172270EBC4E207192D3222CF2032AFCDE082DAD3BE4D9A1F9F5A550E377BE1340ADD978AD583A2ED8362908148E4BC55A9C521F60673F903AD53EEE55C2CA3A8240B8B2F7513B4D91F98083AA03F19DFA66733B21EDF981E9C47673B3BE1367A60F38D75A3C5BD5CA9BA5834A3436F6A820108B560E4A9B65AD9A8D738417709997F17C550B3DF4066FA2ABE1D8C2D14FBB84C0D1422CBC1A7DF390F321AD9A8FF3382FE0315373EF52F15791FCE96EB5D66AD5AABBA7F9C8AB78EADD1CBB76010000000000000000000000000000000000000000000000000000000000000000000000000000000000000000000000000000000000000000000000000080B7FC016AAF0B8127B66B8B0000000049454E44AE426082, 3)
GO
INSERT [dbo].[Ward] ([wardID], [name], [code], [capacityCages]) VALUES (1, N'ICU Ward', N'ICU', 35)
GO
INSERT [dbo].[Ward] ([wardID], [name], [code], [capacityCages]) VALUES (2, N'Lounge', N'L', 100)
GO
INSERT [dbo].[Ward] ([wardID], [name], [code], [capacityCages]) VALUES (3, N'General Ward', N'GW', 30)
GO
/****** Object:  Index [UQ__Cage__883BC1073228BC24]    Script Date: 26/06/2024 5:16:43 pm ******/
ALTER TABLE [dbo].[Cage] ADD UNIQUE NONCLUSTERED 
(
	[cageID] ASC
)WITH (PAD_INDEX = OFF, STATISTICS_NORECOMPUTE = OFF, SORT_IN_TEMPDB = OFF, IGNORE_DUP_KEY = OFF, ONLINE = OFF, ALLOW_ROW_LOCKS = ON, ALLOW_PAGE_LOCKS = ON, OPTIMIZE_FOR_SEQUENTIAL_KEY = OFF) ON [PRIMARY]
GO
/****** Object:  Index [UQ__cageStat__6ED6D2D43DEDA00E]    Script Date: 26/06/2024 5:16:43 pm ******/
ALTER TABLE [dbo].[cageStatus] ADD UNIQUE NONCLUSTERED 
(
	[cageStatusID] ASC
)WITH (PAD_INDEX = OFF, STATISTICS_NORECOMPUTE = OFF, SORT_IN_TEMPDB = OFF, IGNORE_DUP_KEY = OFF, ONLINE = OFF, ALLOW_ROW_LOCKS = ON, ALLOW_PAGE_LOCKS = ON, OPTIMIZE_FOR_SEQUENTIAL_KEY = OFF) ON [PRIMARY]
GO
SET ANSI_PADDING ON
GO
/****** Object:  Index [UQ__Cats__17B6DD27AEAFAB2E]    Script Date: 26/06/2024 5:16:43 pm ******/
ALTER TABLE [dbo].[Cats] ADD UNIQUE NONCLUSTERED 
(
	[catID] ASC
)WITH (PAD_INDEX = OFF, STATISTICS_NORECOMPUTE = OFF, SORT_IN_TEMPDB = OFF, IGNORE_DUP_KEY = OFF, ONLINE = OFF, ALLOW_ROW_LOCKS = ON, ALLOW_PAGE_LOCKS = ON, OPTIMIZE_FOR_SEQUENTIAL_KEY = OFF) ON [PRIMARY]
GO
/****** Object:  Index [UQ__CatStatu__C8EE2042C33D4B68]    Script Date: 26/06/2024 5:16:43 pm ******/
ALTER TABLE [dbo].[CatStatus] ADD UNIQUE NONCLUSTERED 
(
	[StatusID] ASC
)WITH (PAD_INDEX = OFF, STATISTICS_NORECOMPUTE = OFF, SORT_IN_TEMPDB = OFF, IGNORE_DUP_KEY = OFF, ONLINE = OFF, ALLOW_ROW_LOCKS = ON, ALLOW_PAGE_LOCKS = ON, OPTIMIZE_FOR_SEQUENTIAL_KEY = OFF) ON [PRIMARY]
GO
/****** Object:  Index [UQ__Donation__F7F4F43239DB5254]    Script Date: 26/06/2024 5:16:43 pm ******/
ALTER TABLE [dbo].[Donations] ADD UNIQUE NONCLUSTERED 
(
	[donationID] ASC
)WITH (PAD_INDEX = OFF, STATISTICS_NORECOMPUTE = OFF, SORT_IN_TEMPDB = OFF, IGNORE_DUP_KEY = OFF, ONLINE = OFF, ALLOW_ROW_LOCKS = ON, ALLOW_PAGE_LOCKS = ON, OPTIMIZE_FOR_SEQUENTIAL_KEY = OFF) ON [PRIMARY]
GO
/****** Object:  Index [UQ__External__C796AB4E7ABD77E0]    Script Date: 26/06/2024 5:16:43 pm ******/
ALTER TABLE [dbo].[Externals] ADD UNIQUE NONCLUSTERED 
(
	[externalID] ASC
)WITH (PAD_INDEX = OFF, STATISTICS_NORECOMPUTE = OFF, SORT_IN_TEMPDB = OFF, IGNORE_DUP_KEY = OFF, ONLINE = OFF, ALLOW_ROW_LOCKS = ON, ALLOW_PAGE_LOCKS = ON, OPTIMIZE_FOR_SEQUENTIAL_KEY = OFF) ON [PRIMARY]
GO
/****** Object:  Index [UQ__Gender__306E22212D7D053C]    Script Date: 26/06/2024 5:16:43 pm ******/
ALTER TABLE [dbo].[Gender] ADD UNIQUE NONCLUSTERED 
(
	[genderID] ASC
)WITH (PAD_INDEX = OFF, STATISTICS_NORECOMPUTE = OFF, SORT_IN_TEMPDB = OFF, IGNORE_DUP_KEY = OFF, ONLINE = OFF, ALLOW_ROW_LOCKS = ON, ALLOW_PAGE_LOCKS = ON, OPTIMIZE_FOR_SEQUENTIAL_KEY = OFF) ON [PRIMARY]
GO
/****** Object:  Index [UQ__Internal__3500FB487786E981]    Script Date: 26/06/2024 5:16:43 pm ******/
ALTER TABLE [dbo].[InternalRole] ADD UNIQUE NONCLUSTERED 
(
	[internalRoleID] ASC
)WITH (PAD_INDEX = OFF, STATISTICS_NORECOMPUTE = OFF, SORT_IN_TEMPDB = OFF, IGNORE_DUP_KEY = OFF, ONLINE = OFF, ALLOW_ROW_LOCKS = ON, ALLOW_PAGE_LOCKS = ON, OPTIMIZE_FOR_SEQUENTIAL_KEY = OFF) ON [PRIMARY]
GO
/****** Object:  Index [UQ__Mode__68A26F7FFA1393D9]    Script Date: 26/06/2024 5:16:43 pm ******/
ALTER TABLE [dbo].[Mode] ADD UNIQUE NONCLUSTERED 
(
	[modeID] ASC
)WITH (PAD_INDEX = OFF, STATISTICS_NORECOMPUTE = OFF, SORT_IN_TEMPDB = OFF, IGNORE_DUP_KEY = OFF, ONLINE = OFF, ALLOW_ROW_LOCKS = ON, ALLOW_PAGE_LOCKS = ON, OPTIMIZE_FOR_SEQUENTIAL_KEY = OFF) ON [PRIMARY]
GO
/****** Object:  Index [UQ__Revenue__966DC6C7C70B984A]    Script Date: 26/06/2024 5:16:43 pm ******/
ALTER TABLE [dbo].[Revenue] ADD UNIQUE NONCLUSTERED 
(
	[revenueID] ASC
)WITH (PAD_INDEX = OFF, STATISTICS_NORECOMPUTE = OFF, SORT_IN_TEMPDB = OFF, IGNORE_DUP_KEY = OFF, ONLINE = OFF, ALLOW_ROW_LOCKS = ON, ALLOW_PAGE_LOCKS = ON, OPTIMIZE_FOR_SEQUENTIAL_KEY = OFF) ON [PRIMARY]
GO
/****** Object:  Index [UQ__Transact__9B57CF530C33FAE0]    Script Date: 26/06/2024 5:16:43 pm ******/
ALTER TABLE [dbo].[Transactions] ADD UNIQUE NONCLUSTERED 
(
	[transactionID] ASC
)WITH (PAD_INDEX = OFF, STATISTICS_NORECOMPUTE = OFF, SORT_IN_TEMPDB = OFF, IGNORE_DUP_KEY = OFF, ONLINE = OFF, ALLOW_ROW_LOCKS = ON, ALLOW_PAGE_LOCKS = ON, OPTIMIZE_FOR_SEQUENTIAL_KEY = OFF) ON [PRIMARY]
GO
/****** Object:  Index [UQ__Treatmen__D7AA5889D19417E7]    Script Date: 26/06/2024 5:16:43 pm ******/
ALTER TABLE [dbo].[Treatment] ADD UNIQUE NONCLUSTERED 
(
	[treatmentID] ASC
)WITH (PAD_INDEX = OFF, STATISTICS_NORECOMPUTE = OFF, SORT_IN_TEMPDB = OFF, IGNORE_DUP_KEY = OFF, ONLINE = OFF, ALLOW_ROW_LOCKS = ON, ALLOW_PAGE_LOCKS = ON, OPTIMIZE_FOR_SEQUENTIAL_KEY = OFF) ON [PRIMARY]
GO
/****** Object:  Index [UQ__Type__F04DF11B14FA623A]    Script Date: 26/06/2024 5:16:43 pm ******/
ALTER TABLE [dbo].[Type] ADD UNIQUE NONCLUSTERED 
(
	[typeID] ASC
)WITH (PAD_INDEX = OFF, STATISTICS_NORECOMPUTE = OFF, SORT_IN_TEMPDB = OFF, IGNORE_DUP_KEY = OFF, ONLINE = OFF, ALLOW_ROW_LOCKS = ON, ALLOW_PAGE_LOCKS = ON, OPTIMIZE_FOR_SEQUENTIAL_KEY = OFF) ON [PRIMARY]
GO
/****** Object:  Index [UQ__Users__CB9A1CDE49112E75]    Script Date: 26/06/2024 5:16:43 pm ******/
ALTER TABLE [dbo].[Users] ADD UNIQUE NONCLUSTERED 
(
	[userID] ASC
)WITH (PAD_INDEX = OFF, STATISTICS_NORECOMPUTE = OFF, SORT_IN_TEMPDB = OFF, IGNORE_DUP_KEY = OFF, ONLINE = OFF, ALLOW_ROW_LOCKS = ON, ALLOW_PAGE_LOCKS = ON, OPTIMIZE_FOR_SEQUENTIAL_KEY = OFF) ON [PRIMARY]
GO
/****** Object:  Index [UQ__Ward__A14E2C71D341D41A]    Script Date: 26/06/2024 5:16:43 pm ******/
ALTER TABLE [dbo].[Ward] ADD UNIQUE NONCLUSTERED 
(
	[wardID] ASC
)WITH (PAD_INDEX = OFF, STATISTICS_NORECOMPUTE = OFF, SORT_IN_TEMPDB = OFF, IGNORE_DUP_KEY = OFF, ONLINE = OFF, ALLOW_ROW_LOCKS = ON, ALLOW_PAGE_LOCKS = ON, OPTIMIZE_FOR_SEQUENTIAL_KEY = OFF) ON [PRIMARY]
GO
ALTER TABLE [dbo].[Cage]  WITH CHECK ADD  CONSTRAINT [Cage_fk1] FOREIGN KEY([wardID])
REFERENCES [dbo].[Ward] ([wardID])
GO
ALTER TABLE [dbo].[Cage] CHECK CONSTRAINT [Cage_fk1]
GO
ALTER TABLE [dbo].[Cage]  WITH CHECK ADD  CONSTRAINT [Cage_fk2] FOREIGN KEY([cageStatusID])
REFERENCES [dbo].[cageStatus] ([cageStatusID])
GO
ALTER TABLE [dbo].[Cage] CHECK CONSTRAINT [Cage_fk2]
GO
ALTER TABLE [dbo].[Cats]  WITH CHECK ADD  CONSTRAINT [Cats_fk3] FOREIGN KEY([genderID])
REFERENCES [dbo].[Gender] ([genderID])
GO
ALTER TABLE [dbo].[Cats] CHECK CONSTRAINT [Cats_fk3]
GO
ALTER TABLE [dbo].[Cats]  WITH CHECK ADD  CONSTRAINT [Cats_fk4] FOREIGN KEY([typeID])
REFERENCES [dbo].[Type] ([typeID])
GO
ALTER TABLE [dbo].[Cats] CHECK CONSTRAINT [Cats_fk4]
GO
ALTER TABLE [dbo].[Cats]  WITH CHECK ADD  CONSTRAINT [Cats_fk5] FOREIGN KEY([cageID])
REFERENCES [dbo].[Cage] ([cageID])
GO
ALTER TABLE [dbo].[Cats] CHECK CONSTRAINT [Cats_fk5]
GO
ALTER TABLE [dbo].[Cats]  WITH CHECK ADD  CONSTRAINT [Cats_fk6] FOREIGN KEY([externalID])
REFERENCES [dbo].[Externals] ([externalID])
GO
ALTER TABLE [dbo].[Cats] CHECK CONSTRAINT [Cats_fk6]
GO
ALTER TABLE [dbo].[Cats]  WITH CHECK ADD  CONSTRAINT [Cats_fk7] FOREIGN KEY([statusID])
REFERENCES [dbo].[CatStatus] ([StatusID])
GO
ALTER TABLE [dbo].[Cats] CHECK CONSTRAINT [Cats_fk7]
GO
ALTER TABLE [dbo].[Donations]  WITH CHECK ADD  CONSTRAINT [Donations_fk1] FOREIGN KEY([donorID])
REFERENCES [dbo].[Externals] ([externalID])
GO
ALTER TABLE [dbo].[Donations] CHECK CONSTRAINT [Donations_fk1]
GO
ALTER TABLE [dbo].[Donations]  WITH CHECK ADD  CONSTRAINT [Donations_fk2] FOREIGN KEY([modeID])
REFERENCES [dbo].[Mode] ([modeID])
GO
ALTER TABLE [dbo].[Donations] CHECK CONSTRAINT [Donations_fk2]
GO
ALTER TABLE [dbo].[Revenue]  WITH CHECK ADD  CONSTRAINT [Revenue_fk1] FOREIGN KEY([buyerID])
REFERENCES [dbo].[Externals] ([externalID])
GO
ALTER TABLE [dbo].[Revenue] CHECK CONSTRAINT [Revenue_fk1]
GO
ALTER TABLE [dbo].[Revenue]  WITH CHECK ADD  CONSTRAINT [Revenue_fk2] FOREIGN KEY([modeID])
REFERENCES [dbo].[Mode] ([modeID])
GO
ALTER TABLE [dbo].[Revenue] CHECK CONSTRAINT [Revenue_fk2]
GO
ALTER TABLE [dbo].[Transactions]  WITH CHECK ADD  CONSTRAINT [Transactions_fk1] FOREIGN KEY([modeID])
REFERENCES [dbo].[Mode] ([modeID])
GO
ALTER TABLE [dbo].[Transactions] CHECK CONSTRAINT [Transactions_fk1]
GO
ALTER TABLE [dbo].[Treatment]  WITH CHECK ADD  CONSTRAINT [Treatment_fk1] FOREIGN KEY([catID])
REFERENCES [dbo].[Cats] ([catID])
GO
ALTER TABLE [dbo].[Treatment] CHECK CONSTRAINT [Treatment_fk1]
GO
ALTER TABLE [dbo].[Treatment]  WITH CHECK ADD  CONSTRAINT [Treatment_fk2] FOREIGN KEY([userID])
REFERENCES [dbo].[Users] ([userID])
GO
ALTER TABLE [dbo].[Treatment] CHECK CONSTRAINT [Treatment_fk2]
GO
ALTER TABLE [dbo].[Users]  WITH CHECK ADD  CONSTRAINT [Users_fk5] FOREIGN KEY([internalRoleID])
REFERENCES [dbo].[InternalRole] ([internalRoleID])
GO
ALTER TABLE [dbo].[Users] CHECK CONSTRAINT [Users_fk5]
GO
USE [master]
GO
ALTER DATABASE [PawRescue] SET  READ_WRITE 
GO
